번호,시간,회사명,종목코드,공시제목,제출인,접수일자
1084,20:25,금호타이어,073240,감사보고서 제출,금호타이어,2020-03-27
1083,18:56,부산주공,005030,[정정]감사보고서 제출,부산주공,2020-03-27
1082,18:56,한창,005110,불성실공시법인지정예고,유가증권시장본부,2020-03-27
1081,18:52,한진칼,180640,정기주주총회결과,한진칼,2020-03-27
1080,18:48,부산주공,005030,감사보고서 제출[정],부산주공,2020-03-27
1079,18:48,지코,010580,[정정]감사보고서 제출,지코,2020-03-27
1078,18:40,한창,005110,[정정]타법인주식및출자증권취득결정,한창,2020-03-27
1077,18:38,지코,010580,투자유의안내,유가증권시장본부,2020-03-27
1076,18:15,키위미디어그룹,012170,관리종목지정사유변경,유가증권시장본부,2020-03-27
1075,18:14,한국종합기술,023350,[정정]단일판매ㆍ공급계약체결,한국종합기술,2020-03-27
1074,18:13,한국종합기술,023350,정기주주총회결과,한국종합기술,2020-03-27
1073,18:07,,999990,자기주식매매 신청내역(유가증권시장),유가증권시장본부,2020-03-27
1072,18:07,지코,010580,감사보고서 제출[정],지코,2020-03-27
1071,18:06,폴루스바이오팜,007630,투자유의안내,유가증권시장본부,2020-03-27
1070,18:06,,999990,일일 회전율 상위 20종목-ELW포함(유가증권시장),유가증권시장본부,2020-03-27
1069,18:05,,999990,대량매매내역(유가증권시장),유가증권시장본부,2020-03-27
1068,18:05,,999990,일일 회전율 상위 20종목-ELW제외(유가증권시장),유가증권시장본부,2020-03-27
1067,18:05,,999990,자기주식매매 체결내역(유가증권시장),유가증권시장본부,2020-03-27
1066,18:03,금호타이어,073240,정기주주총회결과,금호타이어,2020-03-27
1065,18:02,서연,007860,정기주주총회결과,서연,2020-03-27
1064,18:02,롯데정보통신,286940,정기주주총회결과,롯데정보통신,2020-03-27
1063,18:00,삼호,001880,증권신고서(합병),삼호,2020-03-27
1062,17:59,대한유화,006650,[연결포함]사업보고서(일반법인),대한유화,2020-03-27
1061,17:59,폴루스바이오팜,007630,감사보고서 제출,폴루스바이오팜,2020-03-27
1060,17:59,한진칼,180640,[정정]현금ㆍ현물 배당 결정,한진칼,2020-03-27
1059,17:59,롯데지주,004990,정기주주총회결과,롯데지주,2020-03-27
1058,17:57,한국콜마홀딩스,024720,타인에대한담보제공결정(자회사의 주요경영사항),한국콜마홀딩스,2020-03-27
1057,17:56,대한전선,001440,[연결포함]사업보고서(일반법인),대한전선,2020-03-27
1056,17:56,롯데정보통신,286940,사외이사의선임ㆍ해임또는중도퇴임에관한신고,롯데정보통신,2020-03-27
1055,17:55,한화시스템,272210,[연결포함]사업보고서(일반법인),한화시스템,2020-03-27
1054,17:55,대한화섬,003830,정기주주총회결과,대한화섬,2020-03-27
1053,17:55,두산중공업,034020,특수관계인으로부터받은담보,두산중공업,2020-03-27
1052,17:55,롯데정보통신,286940,사외이사의선임ㆍ해임또는중도퇴임에관한신고,롯데정보통신,2020-03-27
1051,17:55,LS,006260,최대주주등소유주식변동신고서,LS,2020-03-27
1050,17:54,한국종합기술,023350,영업정지,한국종합기술,2020-03-27
1049,17:54,한국종합기술,023350,매매거래정지 및 정지해제(중요내용공시),유가증권시장본부,2020-03-27
1048,17:53,롯데정보통신,286940,사외이사의선임ㆍ해임또는중도퇴임에관한신고,롯데정보통신,2020-03-27
1047,17:53,한국콜마홀딩스,024720,정기주주총회결과,한국콜마홀딩스,2020-03-27
1046,17:52,한국콜마,161890,정기주주총회결과,한국콜마,2020-03-27
1045,17:52,서연,007860,사외이사의선임ㆍ해임또는중도퇴임에관한신고,서연,2020-03-27
1044,17:52,대한전선,001440,사외이사의선임ㆍ해임또는중도퇴임에관한신고,대한전선,2020-03-27
1043,17:51,한국콜마,161890,타인에대한담보제공결정,한국콜마,2020-03-27
1042,17:51,한국콜마홀딩스,024720,사외이사의선임ㆍ해임또는중도퇴임에관한신고,한국콜마홀딩스,2020-03-27
1041,17:51,흥아해운,003280,대표이사(대표집행임원) 변경(안내공시),흥아해운,2020-03-27
1040,17:51,이수페타시스,007660,정기주주총회결과,이수페타시스,2020-03-27
1039,17:51,디아이동일,001530,주식등의대량보유상황보고서(일반),재단법인 정헌재단,2020-03-27
1038,17:51,한국콜마홀딩스,024720,대표이사(대표집행임원) 변경(안내공시),한국콜마홀딩스,2020-03-27
1037,17:50,대한항공,003490,사외이사의선임ㆍ해임또는중도퇴임에관한신고,대한항공,2020-03-27
1036,17:50,남양유업,003920,정기주주총회결과,남양유업,2020-03-27
1035,17:50,대한항공,003490,사외이사의선임ㆍ해임또는중도퇴임에관한신고,대한항공,2020-03-27
1034,17:50,대한전선,001440,사외이사의선임ㆍ해임또는중도퇴임에관한신고,대한전선,2020-03-27
1033,17:50,비티원,101140,소송등의판결ㆍ결정,비티원,2020-03-27
1032,17:50,대한항공,003490,사외이사의선임ㆍ해임또는중도퇴임에관한신고,대한항공,2020-03-27
1031,17:50,한국콜마,161890,사외이사의선임ㆍ해임또는중도퇴임에관한신고,한국콜마,2020-03-27
1030,17:50,도화엔지니어링,002150,임원ㆍ주요주주특정증권등소유상황보고서,곽준상,2020-03-27
1029,17:50,JW생명과학,234080,정기주주총회결과,제이더블유생명과학,2020-03-27
1028,17:49,한국콜마,161890,사외이사의선임ㆍ해임또는중도퇴임에관한신고,한국콜마,2020-03-27
1027,17:49,롯데제과,280360,임원ㆍ주요주주특정증권등소유상황보고서,이경훤,2020-03-27
1026,17:48,대한전선,001440,사외이사의선임ㆍ해임또는중도퇴임에관한신고,대한전선,2020-03-27
1025,17:48,키위미디어그룹,012170,감사보고서 제출,키위미디어그룹,2020-03-27
1024,17:47,흥아해운,003280,[정정]매출액또는손익구조30%(대규모법인은15%)이상변경,흥아해운,2020-03-27
1023,17:47,LG,003550,사외이사의선임ㆍ해임또는중도퇴임에관한신고,LG,2020-03-27
1022,17:46,디아이동일,001530,임원ㆍ주요주주특정증권등소유상황보고서,재단법인 정헌재단,2020-03-27
1021,17:46,도화엔지니어링,002150,임원ㆍ주요주주특정증권등소유상황보고서,오세항,2020-03-27
1020,17:45,셀트리온,068270,동일인등출자계열회사와의상품ㆍ용역거래,셀트리온,2020-03-27
1019,17:45,현대약품,004310,주식등의대량보유상황보고서(일반),이한구,2020-03-27
1018,17:45,대한항공,003490,정기주주총회결과,대한항공,2020-03-27
1017,17:45,NICE,034310,[정정]사외이사의선임ㆍ해임또는중도퇴임에관한신고,NICE홀딩스,2020-03-27
1016,17:45,흥아해운,003280,정기주주총회결과,흥아해운,2020-03-27
1015,17:44,SPC삼립,005610,주식매수선택권부여에관한신고,SPC삼립,2020-03-27
1014,17:44,지코,010580,조회공시 요구(외부감사의견),유가증권시장본부,2020-03-27
1013,17:44,셀트리온,068270,주식매수선택권부여에관한신고,셀트리온,2020-03-27
1012,17:44,롯데지주,004990,사외이사의선임ㆍ해임또는중도퇴임에관한신고,롯데지주,2020-03-27
1011,17:44,지코,010580,매매거래정지 및 정지해제(풍문 등 조회공시),유가증권시장본부,2020-03-27
1010,17:42,롯데제과,280360,임원ㆍ주요주주특정증권등소유상황보고서,민명기,2020-03-27
1009,17:42,SK디스커버리,006120,정기주주총회결과,에스케이디스커버리,2020-03-27
1008,17:42,롯데지주,004990,사외이사의선임ㆍ해임또는중도퇴임에관한신고,롯데지주,2020-03-27
1007,17:42,금호산업,002990,유상증자결정,금호산업,2020-03-27
1006,17:42,삼호,001880,주주총회소집결의,삼호,2020-03-27
1005,17:41,현대자동차,005380,기업설명회(IR) 개최(안내공시),현대자동차,2020-03-27
1004,17:41,케이티,030200,임원ㆍ주요주주특정증권등소유상황보고서,박종열,2020-03-27
1003,17:39,롯데지주,004990,대표이사(대표집행임원) 변경(안내공시),롯데지주,2020-03-27
1002,17:39,예스코홀딩스,015360,주주총회소집결의,예스코홀딩스,2020-03-27
1001,17:39,현대자동차,005380,기업설명회(IR) 개최(안내공시),현대자동차,2020-03-27
1000,17:38,에쓰씨엔지니어링,023960,임원ㆍ주요주주특정증권등소유상황보고서,장정호,2020-03-27
999,17:38,신한지주,055550,[정정]자기주식 취득 결정,신한금융지주회사,2020-03-27
998,17:37,LG,003550,정기주주총회결과,LG,2020-03-27
997,17:37,LG화학,051910,임원ㆍ주요주주특정증권등소유상황보고서,황영신,2020-03-27
996,17:37,SK디스커버리,006120,사외이사의선임ㆍ해임또는중도퇴임에관한신고,에스케이디스커버리,2020-03-27
995,17:36,유화증권,003460,최대주주등소유주식변동신고서,유화증권,2020-03-27
994,17:36,대한화섬,003830,동일인등출자계열회사와의상품ㆍ용역거래,대한화섬,2020-03-27
993,17:36,SK디스커버리,006120,사외이사의선임ㆍ해임또는중도퇴임에관한신고,에스케이디스커버리,2020-03-27
992,17:36,도화엔지니어링,002150,[연결포함]사업보고서(일반법인),도화엔지니어링,2020-03-27
991,17:35,케이티,030200,임원ㆍ주요주주특정증권등소유상황보고서,안창용,2020-03-27
990,17:35,셀트리온,068270,사외이사의선임ㆍ해임또는중도퇴임에관한신고,셀트리온,2020-03-27
989,17:35,GS건설,006360,정기주주총회결과,지에스건설,2020-03-27
988,17:34,롯데푸드,002270,[정정]신규시설투자등,롯데푸드,2020-03-27
987,17:34,셀트리온,068270,사외이사의선임ㆍ해임또는중도퇴임에관한신고,셀트리온,2020-03-27
986,17:34,삼영화학공업,003720,정기주주총회결과,삼영화학공업,2020-03-27
985,17:34,세원셀론텍,091090,주식등의대량보유상황보고서(일반),장정호,2020-03-27
984,17:34,롯데쇼핑,023530,임원ㆍ주요주주특정증권등소유상황보고서,남창희,2020-03-27
983,17:33,셀트리온,068270,사외이사의선임ㆍ해임또는중도퇴임에관한신고,셀트리온,2020-03-27
982,17:33,셀트리온,068270,정기주주총회결과,셀트리온,2020-03-27
981,17:33,대림산업,000210,동일인등출자계열회사와의상품ㆍ용역거래,대림산업,2020-03-27
980,17:33,에쓰씨엔지니어링,023960,주식등의대량보유상황보고서(일반),에쓰씨기획,2020-03-27
979,17:33,셀트리온,068270,사외이사의선임ㆍ해임또는중도퇴임에관한신고,셀트리온,2020-03-27
978,17:33,고려제강,002240,최대주주등소유주식변동신고서,고려제강,2020-03-27
977,17:32,대림산업,000210,특수관계인에대한자금대여,대림산업,2020-03-27
976,17:32,대한화섬,003830,사외이사의선임ㆍ해임또는중도퇴임에관한신고,대한화섬,2020-03-27
975,17:32,현대약품,004310,최대주주등소유주식변동신고서,현대약품,2020-03-27
974,17:32,금호산업,002990,임원ㆍ주요주주특정증권등소유상황보고서,윤병철,2020-03-27
973,17:31,고려제강,002240,임원ㆍ주요주주특정증권등소유상황보고서,홍석표,2020-03-27
972,17:31,대림산업,000210,사외이사의선임ㆍ해임또는중도퇴임에관한신고,대림산업,2020-03-27
971,17:31,케이티,030200,임원ㆍ주요주주특정증권등소유상황보고서,박경원,2020-03-27
970,17:31,한국전자홀딩스,006200,사외이사의선임ㆍ해임또는중도퇴임에관한신고,한국전자홀딩스,2020-03-27
969,17:31,드림텍,192650,임원ㆍ주요주주특정증권등소유상황보고서,서정화,2020-03-27
968,17:31,셀트리온,068270,사외이사의선임ㆍ해임또는중도퇴임에관한신고,셀트리온,2020-03-27
967,17:30,쌍용양회공업,003410,사외이사의선임ㆍ해임또는중도퇴임에관한신고,쌍용양회공업,2020-03-27
966,17:30,AK홀딩스,006840,주식등의대량보유상황보고서(일반),채형석,2020-03-27
965,17:29,대한화섬,003830,사외이사의선임ㆍ해임또는중도퇴임에관한신고,대한화섬,2020-03-27
964,17:29,삼호,001880,주식명의개서정지(주주명부폐쇄),삼호,2020-03-27
963,17:29,쌍용양회공업,003410,사외이사의선임ㆍ해임또는중도퇴임에관한신고,쌍용양회공업,2020-03-27
962,17:28,대한방직,001070,사외이사의선임ㆍ해임또는중도퇴임에관한신고,대한방직,2020-03-27
961,17:28,현대자동차,005380,임원ㆍ주요주주특정증권등소유상황보고서,김주리,2020-03-27
960,17:28,대림산업,000210,정기주주총회결과,대림산업,2020-03-27
959,17:28,넥스트사이언스,003580,[정정]감사보고서 제출,넥스트사이언스,2020-03-27
958,17:28,태평양물산,007980,정기주주총회결과(정기주주총회 결과 공시),태평양물산,2020-03-27
957,17:28,한국전자홀딩스,006200,대표이사(대표집행임원) 변경(안내공시),한국전자홀딩스,2020-03-27
956,17:27,대한방직,001070,정기주주총회결과,대한방직,2020-03-27
955,17:27,쌍용양회공업,003410,사외이사의선임ㆍ해임또는중도퇴임에관한신고,쌍용양회공업,2020-03-27
954,17:27,유안타증권,003470,[정정][연결포함]일괄신고서(파생결합증권-주가연계증권),유안타증권,2020-03-27
953,17:27,한국전자홀딩스,006200,정기주주총회결과,한국전자홀딩스,2020-03-27
952,17:26,코리안리,003690,정기주주총회결과,코리안리재보험,2020-03-27
951,17:25,케이티,030200,임원ㆍ주요주주특정증권등소유상황보고서,신현옥,2020-03-27
950,17:25,쌍용양회공업,003410,사외이사의선임ㆍ해임또는중도퇴임에관한신고,쌍용양회공업,2020-03-27
949,17:24,유니퀘스트,077500,임원ㆍ주요주주특정증권등소유상황보고서,김태욱,2020-03-27
948,17:24,유안타증권,003470,[정정][연결포함]일괄신고서(파생결합사채-주가연계파생결합사채),유안타증권,2020-03-27
947,17:24,크라운제과,264900,주식등의대량보유상황보고서(일반),크라운해태홀딩스,2020-03-27
946,17:24,일성건설,013360,[연결포함]사업보고서(일반법인),일성건설,2020-03-27
945,17:23,유안타증권,003470,[정정][연결포함]일괄신고서(기타파생결합증권),유안타증권,2020-03-27
944,17:23,동화약품,000020,최대주주등소유주식변동신고서,동화약품,2020-03-27
943,17:23,현대자동차,005380,임원ㆍ주요주주특정증권등소유상황보고서,정운철,2020-03-27
942,17:23,NAVER,035420,[정정]주식매수선택권부여에관한신고,네이버,2020-03-27
941,17:23,JW홀딩스,096760,정기주주총회결과,JW홀딩스,2020-03-27
940,17:22,쌍용양회공업,003410,정기주주총회결과,쌍용양회공업,2020-03-27
939,17:22,JW홀딩스,096760,사외이사의선임ㆍ해임또는중도퇴임에관한신고,JW홀딩스,2020-03-27
938,17:21,LG,003550,최대주주등소유주식변동신고서,LG,2020-03-27
937,17:21,JW홀딩스,096760,사외이사의선임ㆍ해임또는중도퇴임에관한신고,JW홀딩스,2020-03-27
936,17:21,대림씨엔에스,004440,정기주주총회결과,대림씨엔에스,2020-03-27
935,17:20,코리안리,003690,임원ㆍ주요주주특정증권등소유상황보고서,송영흡,2020-03-27
934,17:20,롯데제과,280360,최대주주등소유주식변동신고서,롯데제과,2020-03-27
933,17:20,유안타증권,003470,사외이사의선임ㆍ해임또는중도퇴임에관한신고,유안타증권,2020-03-27
932,17:20,현대자동차,005380,임원ㆍ주요주주특정증권등소유상황보고서,박동일,2020-03-27
931,17:20,사조산업,007160,최대주주등소유주식변동신고서,사조산업,2020-03-27
930,17:19,NAVER,035420,[정정]주식매수선택권부여에관한신고,네이버,2020-03-27
929,17:19,휠라홀딩스,081660,[연결포함]사업보고서(일반법인),휠라홀딩스,2020-03-27
928,17:18,롯데쇼핑,023530,임원ㆍ주요주주특정증권등소유상황보고서,문영표,2020-03-27
927,17:17,SK가스,018670,타법인 주식 및 출자증권 취득결정(종속회사의 주요경영사항),SK가스,2020-03-27
926,17:17,유안타증권,003470,[정정][연결포함]일괄신고서(기타파생결합사채),유안타증권,2020-03-27
925,17:17,동양,001520,단기과열종목(10거래일 단일가매매) 지정(동양3우B),유가증권시장본부,2020-03-27
924,17:17,대한해운,005880,주식등의대량보유상황보고서(일반),티케이케미칼,2020-03-27
923,17:16,사조산업,007160,주식등의대량보유상황보고서(일반),주진우,2020-03-27
922,17:16,유안타증권,003470,사외이사의선임ㆍ해임또는중도퇴임에관한신고,유안타증권,2020-03-27
921,17:16,대한방직,001070,사외이사의선임ㆍ해임또는중도퇴임에관한신고,대한방직,2020-03-27
920,17:16,유화증권,003460,사외이사의선임ㆍ해임또는중도퇴임에관한신고,유화증권,2020-03-27
919,17:15,현대자동차,005380,임원ㆍ주요주주특정증권등소유상황보고서,송시철,2020-03-27
918,17:15,크라운제과,264900,최대주주등소유주식변동신고서,크라운제과,2020-03-27
917,17:15,SK가스,018670,유상증자결정(종속회사의 주요경영사항),SK가스,2020-03-27
916,17:15,씨아이테크,004920,[정정]유상증자결정,씨아이테크,2020-03-27
915,17:14,이수화학,005950,사외이사의선임ㆍ해임또는중도퇴임에관한신고,이수화학,2020-03-27
914,17:13,한솔홀딩스,004150,최대주주등소유주식변동신고서,한솔홀딩스,2020-03-27
913,17:13,SK가스,018670,타법인 주식 및 출자증권 취득결정(종속회사의 주요경영사항),SK가스,2020-03-27
912,17:13,LG,003550,주식등의대량보유상황보고서(일반),학교법인 LG연암학원,2020-03-27
911,17:13,유화증권,003460,사외이사의선임ㆍ해임또는중도퇴임에관한신고,유화증권,2020-03-27
910,17:13,코리안리,003690,사외이사의선임ㆍ해임또는중도퇴임에관한신고,코리안리재보험,2020-03-27
909,17:12,현대자동차,005380,임원ㆍ주요주주특정증권등소유상황보고서,이양기,2020-03-27
908,17:12,사조대림,003960,사외이사의선임ㆍ해임또는중도퇴임에관한신고,사조대림,2020-03-27
907,17:12,한국타이어앤테크놀로지,161390,정기주주총회결과,한국타이어앤테크놀로지,2020-03-27
906,17:12,한솔홀딩스,004150,주식등의대량보유상황보고서(일반),조동길,2020-03-27
905,17:12,유안타증권,003470,사외이사의선임ㆍ해임또는중도퇴임에관한신고,유안타증권,2020-03-27
904,17:11,NAVER,035420,주식매수선택권부여에관한신고,네이버,2020-03-27
903,17:11,코리안리,003690,사외이사의선임ㆍ해임또는중도퇴임에관한신고,코리안리재보험,2020-03-27
902,17:10,롯데칠성음료,005300,사외이사의선임ㆍ해임또는중도퇴임에관한신고,롯데칠성음료,2020-03-27
901,17:10,코리안리,003690,사외이사의선임ㆍ해임또는중도퇴임에관한신고,코리안리재보험,2020-03-27
900,17:10,제일연마,001560,[연결포함]사업보고서(일반법인),제일연마공업,2020-03-27
899,17:10,삼양홀딩스,000070,[투자주의]소수지점ㆍ소수계좌 거래집중 종목,시장감시위원회,2020-03-27
898,17:10,유수홀딩스,000700,[투자주의]소수지점ㆍ소수계좌 거래집중 종목,시장감시위원회,2020-03-27
897,17:10,남광토건,001260,[투자주의]소수지점ㆍ소수계좌 거래집중 종목,시장감시위원회,2020-03-27
896,17:10,대동공업,000490,[투자주의]소수지점ㆍ소수계좌 거래집중 종목,시장감시위원회,2020-03-27
895,17:10,한국주철관공업,000970,[투자주의]소수지점ㆍ소수계좌 거래집중 종목,시장감시위원회,2020-03-27
894,17:10,신풍제지,002870,[투자주의]소수지점ㆍ소수계좌 거래집중 종목,시장감시위원회,2020-03-27
893,17:10,동일제강,002690,[투자주의]소수지점ㆍ소수계좌 거래집중 종목,시장감시위원회,2020-03-27
892,17:10,디아이,003160,[투자주의]소수지점ㆍ소수계좌 거래집중 종목,시장감시위원회,2020-03-27
891,17:10,대웅,003090,[투자주의]소수지점ㆍ소수계좌 거래집중 종목,시장감시위원회,2020-03-27
890,17:10,대림비앤코,005750,[투자주의]소수지점ㆍ소수계좌 거래집중 종목,시장감시위원회,2020-03-27
889,17:10,유안타증권,003470,[투자주의]소수지점ㆍ소수계좌 거래집중 종목(유안타증권우),시장감시위원회,2020-03-27
888,17:10,KC그린홀딩스,009440,[투자주의]소수지점ㆍ소수계좌 거래집중 종목,시장감시위원회,2020-03-27
887,17:10,NH투자증권,005940,[투자주의]소수지점ㆍ소수계좌 거래집중 종목(NH투자증권우),시장감시위원회,2020-03-27
886,17:10,일성건설,013360,[투자주의]소수지점ㆍ소수계좌 거래집중 종목,시장감시위원회,2020-03-27
885,17:10,진양폴리우레탄,010640,[투자주의]소수지점ㆍ소수계좌 거래집중 종목,시장감시위원회,2020-03-27
884,17:10,계룡건설산업,013580,[투자주의]소수지점ㆍ소수계좌 거래집중 종목,시장감시위원회,2020-03-27
883,17:10,이스타코,015020,[투자주의]소수지점ㆍ소수계좌 거래집중 종목,시장감시위원회,2020-03-27
882,17:10,키다리스튜디오,020120,[투자주의]소수지점ㆍ소수계좌 거래집중 종목,시장감시위원회,2020-03-27
881,17:10,코웨이,021240,[투자주의]소수지점ㆍ소수계좌 거래집중 종목,시장감시위원회,2020-03-27
880,17:10,삼원강재,023000,[투자주의]소수지점ㆍ소수계좌 거래집중 종목,시장감시위원회,2020-03-27
879,17:10,인지컨트롤스,023800,[투자주의]소수지점ㆍ소수계좌 거래집중 종목,시장감시위원회,2020-03-27
878,17:10,에쓰씨엔지니어링,023960,[투자주의]소수지점ㆍ소수계좌 거래집중 종목,시장감시위원회,2020-03-27
877,17:10,이구산업,025820,[투자주의]소수지점ㆍ소수계좌 거래집중 종목,시장감시위원회,2020-03-27
876,17:10,한국주강,025890,[투자주의]소수지점ㆍ소수계좌 거래집중 종목,시장감시위원회,2020-03-27
875,17:10,NICE,034310,[투자주의]소수지점ㆍ소수계좌 거래집중 종목,시장감시위원회,2020-03-27
874,17:10,YG PLUS,037270,[투자주의]소수지점ㆍ소수계좌 거래집중 종목,시장감시위원회,2020-03-27
873,17:10,HDC아이콘트롤스,039570,[투자주의]소수지점ㆍ소수계좌 거래집중 종목,시장감시위원회,2020-03-27
872,17:09,대호에이엘,069460,[투자주의]소수지점ㆍ소수계좌 거래집중 종목,시장감시위원회,2020-03-27
871,17:09,DSR제강,069730,[투자주의]소수지점ㆍ소수계좌 거래집중 종목,시장감시위원회,2020-03-27
870,17:09,STX엔진,077970,[투자주의]소수지점ㆍ소수계좌 거래집중 종목,시장감시위원회,2020-03-27
869,17:09,미래에셋생명,085620,[투자주의]소수지점ㆍ소수계좌 거래집중 종목,시장감시위원회,2020-03-27
868,17:09,유니온머티리얼,047400,[투자주의]소수지점ㆍ소수계좌 거래집중 종목,시장감시위원회,2020-03-27
867,17:09,HDC현대EP,089470,[투자주의]소수지점ㆍ소수계좌 거래집중 종목,시장감시위원회,2020-03-27
866,17:09,대한제강,084010,[투자주의]소수지점ㆍ소수계좌 거래집중 종목,시장감시위원회,2020-03-27
865,17:09,기신정기,092440,[투자주의]소수지점ㆍ소수계좌 거래집중 종목,시장감시위원회,2020-03-27
864,17:09,동성코퍼레이션,102260,[투자주의]소수지점ㆍ소수계좌 거래집중 종목,시장감시위원회,2020-03-27
863,17:09,해태제과식품,101530,[투자주의]소수지점ㆍ소수계좌 거래집중 종목,시장감시위원회,2020-03-27
862,17:09,메리츠금융지주,138040,[투자주의]소수지점ㆍ소수계좌 거래집중 종목,시장감시위원회,2020-03-27
861,17:09,화인베스틸,133820,[투자주의]소수지점ㆍ소수계좌 거래집중 종목,시장감시위원회,2020-03-27
860,17:09,금호에이치티,214330,[투자주의]소수지점ㆍ소수계좌 거래집중 종목,시장감시위원회,2020-03-27
859,17:09,JB금융지주,175330,[투자주의]소수지점ㆍ소수계좌 거래집중 종목,시장감시위원회,2020-03-27
858,17:09,유나이티드,033270,[투자주의]투자경고종목 지정예고,시장감시위원회,2020-03-27
857,17:09,흥국화재,000540,투자경고종목 지정(흥국화재2우B),시장감시위원회,2020-03-27
856,17:09,파미셀,005690,투자경고종목 지정,시장감시위원회,2020-03-27
855,17:09,신풍제약,019170,투자경고종목 지정,시장감시위원회,2020-03-27
854,17:09,동화약품,000020,[투자주의]특정계좌(군) 매매관여 과다종목,시장감시위원회,2020-03-27
853,17:09,KR모터스,000040,[투자주의]특정계좌(군) 매매관여 과다종목,시장감시위원회,2020-03-27
852,17:09,삼양홀딩스,000070,[투자주의]특정계좌(군) 매매관여 과다종목,시장감시위원회,2020-03-27
851,17:09,유수홀딩스,000700,[투자주의]특정계좌(군) 매매관여 과다종목,시장감시위원회,2020-03-27
850,17:09,금호전기,001210,[투자주의]특정계좌(군) 매매관여 과다종목,시장감시위원회,2020-03-27
849,17:09,남광토건,001260,[투자주의]특정계좌(군) 매매관여 과다종목,시장감시위원회,2020-03-27
848,17:09,SG충방,001380,[투자주의]특정계좌(군) 매매관여 과다종목,시장감시위원회,2020-03-27
847,17:09,조비,001550,[투자주의]특정계좌(군) 매매관여 과다종목,시장감시위원회,2020-03-27
846,17:09,고려산업,002140,[투자주의]특정계좌(군) 매매관여 과다종목,시장감시위원회,2020-03-27
845,17:09,동일제강,002690,[투자주의]특정계좌(군) 매매관여 과다종목,시장감시위원회,2020-03-27
844,17:09,사조산업,007160,임원ㆍ주요주주특정증권등소유상황보고서,주지홍,2020-03-27
843,17:09,대웅,003090,[투자주의]특정계좌(군) 매매관여 과다종목,시장감시위원회,2020-03-27
842,17:09,진양산업,003780,[투자주의]특정계좌(군) 매매관여 과다종목,시장감시위원회,2020-03-27
841,17:09,대림비앤코,005750,[투자주의]특정계좌(군) 매매관여 과다종목,시장감시위원회,2020-03-27
840,17:09,대원전선,006340,[투자주의]특정계좌(군) 매매관여 과다종목(대원전선우),시장감시위원회,2020-03-27
839,17:09,유안타증권,003470,[투자주의]특정계좌(군) 매매관여 과다종목(유안타증권우),시장감시위원회,2020-03-27
838,17:09,진양폴리우레탄,010640,[투자주의]특정계좌(군) 매매관여 과다종목,시장감시위원회,2020-03-27
837,17:09,현대약품,004310,[투자주의]특정계좌(군) 매매관여 과다종목,시장감시위원회,2020-03-27
836,17:09,삼화전자공업,011230,[투자주의]특정계좌(군) 매매관여 과다종목,시장감시위원회,2020-03-27
835,17:09,NH투자증권,005940,[투자주의]특정계좌(군) 매매관여 과다종목(NH투자증권우),시장감시위원회,2020-03-27
834,17:09,영화금속,012280,[투자주의]특정계좌(군) 매매관여 과다종목,시장감시위원회,2020-03-27
833,17:09,AK홀딩스,006840,[투자주의]특정계좌(군) 매매관여 과다종목,시장감시위원회,2020-03-27
832,17:09,디와이,013570,[투자주의]특정계좌(군) 매매관여 과다종목,시장감시위원회,2020-03-27
831,17:09,현대종합상사,011760,[투자주의]특정계좌(군) 매매관여 과다종목,시장감시위원회,2020-03-27
830,17:09,지엠비코리아,013870,[투자주의]특정계좌(군) 매매관여 과다종목,시장감시위원회,2020-03-27
829,17:09,일성건설,013360,[투자주의]특정계좌(군) 매매관여 과다종목,시장감시위원회,2020-03-27
828,17:09,인디에프,014990,[투자주의]특정계좌(군) 매매관여 과다종목,시장감시위원회,2020-03-27
827,17:09,계룡건설산업,013580,[투자주의]특정계좌(군) 매매관여 과다종목,시장감시위원회,2020-03-27
826,17:09,성문전자,014910,[투자주의]특정계좌(군) 매매관여 과다종목,시장감시위원회,2020-03-27
825,17:09,일진홀딩스,015860,[투자주의]특정계좌(군) 매매관여 과다종목,시장감시위원회,2020-03-27
824,17:09,이스타코,015020,[투자주의]특정계좌(군) 매매관여 과다종목,시장감시위원회,2020-03-27
823,17:09,키다리스튜디오,020120,[투자주의]특정계좌(군) 매매관여 과다종목,시장감시위원회,2020-03-27
822,17:09,광명전기,017040,[투자주의]특정계좌(군) 매매관여 과다종목,시장감시위원회,2020-03-27
821,17:09,롯데쇼핑,023530,[투자주의]특정계좌(군) 매매관여 과다종목,시장감시위원회,2020-03-27
820,17:09,삼원강재,023000,[투자주의]특정계좌(군) 매매관여 과다종목,시장감시위원회,2020-03-27
819,17:09,제이준코스메틱,025620,[투자주의]특정계좌(군) 매매관여 과다종목,시장감시위원회,2020-03-27
818,17:09,인지컨트롤스,023800,[투자주의]특정계좌(군) 매매관여 과다종목,시장감시위원회,2020-03-27
817,17:09,이구산업,025820,[투자주의]특정계좌(군) 매매관여 과다종목,시장감시위원회,2020-03-27
816,17:09,한국주강,025890,[투자주의]특정계좌(군) 매매관여 과다종목,시장감시위원회,2020-03-27
815,17:09,부국철강,026940,[투자주의]특정계좌(군) 매매관여 과다종목,시장감시위원회,2020-03-27
814,17:09,교보증권,030610,[투자주의]특정계좌(군) 매매관여 과다종목,시장감시위원회,2020-03-27
813,17:09,한솔홀딩스,004150,임원ㆍ주요주주특정증권등소유상황보고서,조동길,2020-03-27
812,17:09,NICE,034310,[투자주의]특정계좌(군) 매매관여 과다종목,시장감시위원회,2020-03-27
811,17:09,LG헬로비전,037560,[투자주의]특정계좌(군) 매매관여 과다종목,시장감시위원회,2020-03-27
810,17:09,유니온머티리얼,047400,[투자주의]특정계좌(군) 매매관여 과다종목,시장감시위원회,2020-03-27
809,17:09,YG PLUS,037270,[투자주의]특정계좌(군) 매매관여 과다종목,시장감시위원회,2020-03-27
808,17:09,DSR제강,069730,[투자주의]특정계좌(군) 매매관여 과다종목,시장감시위원회,2020-03-27
807,17:09,하나투어,039130,[투자주의]특정계좌(군) 매매관여 과다종목,시장감시위원회,2020-03-27
806,17:09,진양화학,051630,[투자주의]특정계좌(군) 매매관여 과다종목,시장감시위원회,2020-03-27
805,17:09,용평리조트,070960,[투자주의]특정계좌(군) 매매관여 과다종목,시장감시위원회,2020-03-27
804,17:09,대호에이엘,069460,[투자주의]특정계좌(군) 매매관여 과다종목,시장감시위원회,2020-03-27
803,17:09,나노메딕스,074610,[투자주의]특정계좌(군) 매매관여 과다종목,시장감시위원회,2020-03-27
802,17:09,유엔젤,072130,[투자주의]특정계좌(군) 매매관여 과다종목,시장감시위원회,2020-03-27
801,17:09,일진다이아,081000,[투자주의]특정계좌(군) 매매관여 과다종목,시장감시위원회,2020-03-27
800,17:09,STX엔진,077970,[투자주의]특정계좌(군) 매매관여 과다종목,시장감시위원회,2020-03-27
799,17:09,HSD엔진,082740,[투자주의]특정계좌(군) 매매관여 과다종목,시장감시위원회,2020-03-27
798,17:09,휠라홀딩스,081660,[투자주의]특정계좌(군) 매매관여 과다종목,시장감시위원회,2020-03-27
797,17:09,이월드,084680,[투자주의]특정계좌(군) 매매관여 과다종목,시장감시위원회,2020-03-27
796,17:09,미래에셋생명,085620,[투자주의]특정계좌(군) 매매관여 과다종목,시장감시위원회,2020-03-27
795,17:09,크라운해태홀딩스,005740,감사보고서 제출(자회사의 주요경영사항),크라운해태홀딩스,2020-03-27
794,17:09,세원셀론텍,091090,[투자주의]특정계좌(군) 매매관여 과다종목,시장감시위원회,2020-03-27
793,17:09,형지엘리트,093240,[투자주의]특정계좌(군) 매매관여 과다종목,시장감시위원회,2020-03-27
792,17:09,SK이노베이션,096770,[투자주의]특정계좌(군) 매매관여 과다종목,시장감시위원회,2020-03-27
791,17:09,락앤락,115390,[투자주의]특정계좌(군) 매매관여 과다종목,시장감시위원회,2020-03-27
790,17:09,화인베스틸,133820,[투자주의]특정계좌(군) 매매관여 과다종목,시장감시위원회,2020-03-27
789,17:09,코오롱플라스틱,138490,[투자주의]특정계좌(군) 매매관여 과다종목,시장감시위원회,2020-03-27
788,17:09,DSR,155660,[투자주의]특정계좌(군) 매매관여 과다종목,시장감시위원회,2020-03-27
787,17:09,JB금융지주,175330,[투자주의]특정계좌(군) 매매관여 과다종목,시장감시위원회,2020-03-27
786,17:09,한진칼,180640,[투자주의]특정계좌(군) 매매관여 과다종목(한진칼우),시장감시위원회,2020-03-27
785,17:09,서연이화,200880,[투자주의]특정계좌(군) 매매관여 과다종목,시장감시위원회,2020-03-27
784,17:09,금호에이치티,214330,[투자주의]특정계좌(군) 매매관여 과다종목,시장감시위원회,2020-03-27
783,17:09,토니모리,214420,[투자주의]특정계좌(군) 매매관여 과다종목,시장감시위원회,2020-03-27
782,17:09,잇츠한불,226320,[투자주의]특정계좌(군) 매매관여 과다종목,시장감시위원회,2020-03-27
781,17:09,롯데제과,280360,정기주주총회결과,롯데제과,2020-03-27
780,17:09,유화증권,003460,사외이사의선임ㆍ해임또는중도퇴임에관한신고,유화증권,2020-03-27
779,17:09,유화증권,003460,정기주주총회결과,유화증권,2020-03-27
778,17:08,유안타증권,003470,사외이사의선임ㆍ해임또는중도퇴임에관한신고,유안타증권,2020-03-27
777,17:08,TCC스틸,002710,임원ㆍ주요주주특정증권등소유상황보고서,손양수,2020-03-27
776,17:08,파미셀,005690,사외이사의선임ㆍ해임또는중도퇴임에관한신고,파미셀,2020-03-27
775,17:08,유안타증권,003470,정기주주총회결과,유안타증권,2020-03-27
774,17:08,현대자동차,005380,임원ㆍ주요주주특정증권등소유상황보고서,서승우,2020-03-27
773,17:08,롯데칠성음료,005300,정기주주총회결과,롯데칠성음료,2020-03-27
772,17:08,롯데제과,280360,사외이사의선임ㆍ해임또는중도퇴임에관한신고,롯데제과,2020-03-27
771,17:07,SK디스커버리,006120,타법인주식및출자증권취득결정(자회사의 주요경영사항),에스케이디스커버리,2020-03-27
770,17:07,동양,001520,사외이사의선임ㆍ해임또는중도퇴임에관한신고,동양,2020-03-27
769,17:07,사조산업,007160,임원ㆍ주요주주특정증권등소유상황보고서,이창주,2020-03-27
768,17:07,롯데칠성음료,005300,단기차입금증가결정,롯데칠성음료,2020-03-27
767,17:07,지누스,013890,정기주주총회결과,지누스,2020-03-27
766,17:07,동방,004140,사외이사의선임ㆍ해임또는중도퇴임에관한신고,동방,2020-03-27
765,17:07,SK가스,018670,유상증자결정(종속회사의 주요경영사항),SK가스,2020-03-27
764,17:07,농심홀딩스,072710,정기주주총회결과,농심홀딩스,2020-03-27
763,17:07,GS글로벌,001250,[연결포함]사업보고서(일반법인),지에스글로벌,2020-03-27
762,17:07,디아이동일,001530,정기주주총회결과,디아이동일,2020-03-27
761,17:06,태영건설,009410,특수관계인으로부터채권매수,태영건설,2020-03-27
760,17:06,삼성공조,006660,최대주주등소유주식변동신고서,삼성공조,2020-03-27
759,17:06,현대상선,011200,[정정]신규시설투자등,현대상선,2020-03-27
758,17:05,NAVER,035420,정기주주총회결과,네이버,2020-03-27
757,17:05,코스맥스비티아이,044820,최대주주등소유주식변동신고서,코스맥스비티아이,2020-03-27
756,17:05,동양,001520,정기주주총회결과,동양,2020-03-27
755,17:05,크라운제과,264900,대표이사(대표집행임원) 변경(안내공시),크라운제과,2020-03-27
754,17:05,유니퀘스트,077500,주식등의대량보유상황보고서(일반),임창완,2020-03-27
753,17:05,사조산업,007160,임원ㆍ주요주주특정증권등소유상황보고서,임태기,2020-03-27
752,17:05,SK가스,018670,타법인주식및출자증권취득결정,SK가스,2020-03-27
751,17:04,롯데푸드,002270,[정정]유형자산 양도 결정,롯데푸드,2020-03-27
750,17:04,태영건설,009410,특수관계인으로부터채권매수,태영건설,2020-03-27
749,17:04,크라운해태홀딩스,005740,최대주주등소유주식변동신고서,크라운해태홀딩스,2020-03-27
748,17:04,롯데칠성음료,005300,최대주주등소유주식변동신고서,롯데칠성음료,2020-03-27
747,17:04,SK디스커버리,006120,타인에대한채무보증결정(자회사의 주요경영사항),에스케이디스커버리,2020-03-27
746,17:04,현대상선,011200,정기주주총회결과,현대상선,2020-03-27
745,17:04,현대자동차,005380,임원ㆍ주요주주특정증권등소유상황보고서,곽근영,2020-03-27
744,17:03,드림텍,192650,임원ㆍ주요주주특정증권등소유상황보고서,임부택,2020-03-27
743,17:03,KR모터스,000040,정기주주총회결과,KR모터스,2020-03-27
742,17:03,디아이동일,001530,대표이사(대표집행임원) 변경(안내공시),디아이동일,2020-03-27
741,17:02,텔코웨어,078000,[연결포함]사업보고서(일반법인),텔코웨어,2020-03-27
740,17:02,사조산업,007160,임원ㆍ주요주주특정증권등소유상황보고서,김정수,2020-03-27
739,17:02,디아이동일,001530,사외이사의선임ㆍ해임또는중도퇴임에관한신고,디아이동일,2020-03-27
738,17:01,NAVER,035420,타인에대한채무보증결정,네이버,2020-03-27
737,17:01,고려개발,004200,주식명의개서정지(주주명부폐쇄),고려개발,2020-03-27
736,17:01,고려개발,004200,주주총회소집결의,고려개발,2020-03-27
735,17:01,드림텍,192650,주식등의대량보유상황보고서(일반),유니퀘스트,2020-03-27
734,17:00,동방,004140,정기주주총회결과,동방,2020-03-27
733,17:00,한화,000880,주식등의대량보유상황보고서(일반),김승연,2020-03-27
732,17:00,휴스틸,005010,주식등의대량보유상황보고서(일반),박순석,2020-03-27
731,17:00,한국타이어앤테크놀로지,161390,최대주주등소유주식변동신고서,한국타이어앤테크놀로지,2020-03-27
730,17:00,TCC스틸,002710,임원ㆍ주요주주특정증권등소유상황보고서,박광영,2020-03-27
729,16:59,한국테크놀로지그룹,000240,정기주주총회결과,한국테크놀로지그룹,2020-03-27
728,16:59,JW중외제약,001060,사외이사의선임ㆍ해임또는중도퇴임에관한신고,JW중외제약,2020-03-27
727,16:58,크라운해태홀딩스,005740,주식등의대량보유상황보고서(일반),윤영달,2020-03-27
726,16:57,국보,001140,조회공시 요구(현저한 시황변동)에 대한 답변(미확정),국보,2020-03-27
725,16:57,MH에탄올,023150,[연결포함]사업보고서(일반법인),MH에탄올,2020-03-27
724,16:56,한국타이어앤테크놀로지,161390,임원ㆍ주요주주특정증권등소유상황보고서,조충환,2020-03-27
723,16:56,롯데관광개발,032350,정기주주총회결과,롯데관광개발,2020-03-27
722,16:55,현대자동차,005380,임원ㆍ주요주주특정증권등소유상황보고서,박현달,2020-03-27
721,16:54,SK가스,018670,타인에대한채무보증결정,SK가스,2020-03-27
720,16:54,한세엠케이,069640,[정정]참고서류,네비스탁,2020-03-27
719,16:53,롯데쇼핑,023530,임원ㆍ주요주주특정증권등소유상황보고서,이정혜,2020-03-27
718,16:53,제이에스코퍼레이션,194370,[연결포함]사업보고서(일반법인),제이에스코퍼레이션,2020-03-27
717,16:52,롯데하이마트,071840,사외이사의선임ㆍ해임또는중도퇴임에관한신고,롯데하이마트,2020-03-27
716,16:52,한국타이어앤테크놀로지,161390,임원ㆍ주요주주특정증권등소유상황보고서,이수일,2020-03-27
715,16:51,풀무원,017810,주식매수선택권부여에관한신고,풀무원,2020-03-27
714,16:51,금호산업,002990,정기주주총회결과,금호산업,2020-03-27
713,16:51,한전기술,052690,주식명의개서정지(주주명부폐쇄),한국전력기술,2020-03-27
712,16:51,포스코강판,058430,[연결포함]사업보고서(일반법인),포스코강판,2020-03-27
711,16:50,E1,017940,사외이사의선임ㆍ해임또는중도퇴임에관한신고,E1,2020-03-27
710,16:50,한전기술,052690,주주총회소집결의,한국전력기술,2020-03-27
709,16:50,롯데지주,004990,최대주주등소유주식변동신고서,롯데지주,2020-03-27
708,16:49,E1,017940,사외이사의선임ㆍ해임또는중도퇴임에관한신고,E1,2020-03-27
707,16:49,풀무원,017810,사외이사의선임ㆍ해임또는중도퇴임에관한신고,풀무원,2020-03-27
706,16:48,롯데지주,004990,주식등의대량보유상황보고서(일반),신격호,2020-03-27
705,16:48,동부제철,016380,사외이사의선임ㆍ해임또는중도퇴임에관한신고,동부제철,2020-03-27
704,16:48,크라운제과,264900,정기주주총회결과,크라운제과,2020-03-27
703,16:47,JW중외제약,001060,정기주주총회결과,JW중외제약,2020-03-27
702,16:47,롯데하이마트,071840,최대주주등소유주식변동신고서,롯데하이마트,2020-03-27
701,16:47,NICE,034310,주식매수선택권부여에관한신고,NICE홀딩스,2020-03-27
700,16:47,풀무원,017810,사외이사의선임ㆍ해임또는중도퇴임에관한신고,풀무원,2020-03-27
699,16:47,유한양행,000100,"매매거래정지및정지해제(주식분할에 따른 전자등록 변경, 말소)",유가증권시장본부,2020-03-27
698,16:46,인스코비,006490,사외이사의선임ㆍ해임또는중도퇴임에관한신고,인스코비,2020-03-27
697,16:46,호전실업,111110,사외이사의선임ㆍ해임또는중도퇴임에관한신고,호전실업,2020-03-27
696,16:46,크라운해태홀딩스,005740,사외이사의선임ㆍ해임또는중도퇴임에관한신고,크라운해태홀딩스,2020-03-27
695,16:46,태경산업,015890,대표이사(대표집행임원) 변경(안내공시),태경산업,2020-03-27
694,16:46,인스코비,006490,전환가액ㆍ신주인수권행사가액ㆍ교환가액의 조정(안내공시),인스코비,2020-03-27
693,16:46,예스코홀딩스,015360,주식명의개서정지(주주명부폐쇄),예스코홀딩스,2020-03-27
692,16:46,롯데쇼핑,023530,정기주주총회결과,롯데쇼핑,2020-03-27
691,16:45,동부제철,016380,사외이사의선임ㆍ해임또는중도퇴임에관한신고,동부제철,2020-03-27
690,16:45,롯데쇼핑,023530,사외이사의선임ㆍ해임또는중도퇴임에관한신고,롯데쇼핑,2020-03-27
689,16:45,유니퀘스트,077500,최대주주등소유주식변동신고서,유니퀘스트,2020-03-27
688,16:44,태경산업,015890,사외이사의선임ㆍ해임또는중도퇴임에관한신고,태경산업,2020-03-27
687,16:44,크라운해태홀딩스,005740,정기주주총회결과,크라운해태홀딩스,2020-03-27
686,16:44,동부제철,016380,사외이사의선임ㆍ해임또는중도퇴임에관한신고,동부제철,2020-03-27
685,16:43,풀무원,017810,정기주주총회결과,풀무원,2020-03-27
684,16:43,롯데쇼핑,023530,최대주주등소유주식변동신고서,롯데쇼핑,2020-03-27
683,16:43,롯데푸드,002270,사외이사의선임ㆍ해임또는중도퇴임에관한신고,롯데푸드,2020-03-27
682,16:43,호전실업,111110,사외이사의선임ㆍ해임또는중도퇴임에관한신고,호전실업,2020-03-27
681,16:42,동부제철,016380,사외이사의선임ㆍ해임또는중도퇴임에관한신고,동부제철,2020-03-27
680,16:42,롯데푸드,002270,정기주주총회결과,롯데푸드,2020-03-27
679,16:41,에어부산,298690,사외이사의선임ㆍ해임또는중도퇴임에관한신고,에어부산,2020-03-27
678,16:41,롯데푸드,002270,사외이사의선임ㆍ해임또는중도퇴임에관한신고,롯데푸드,2020-03-27
677,16:41,KR모터스,000040,단기차입금증가결정,KR모터스,2020-03-27
676,16:40,한진중공업,097230,사외이사의선임ㆍ해임또는중도퇴임에관한신고,한진중공업,2020-03-27
675,16:40,태경산업,015890,정기주주총회결과,태경산업,2020-03-27
674,16:40,에어부산,298690,정기주주총회결과,에어부산,2020-03-27
673,16:40,대한제당,001790,사외이사의선임ㆍ해임또는중도퇴임에관한신고,대한제당,2020-03-27
672,16:40,신성이엔지,011930,사외이사의선임ㆍ해임또는중도퇴임에관한신고,신성이엔지,2020-03-27
671,16:40,NICE,034310,사외이사의선임ㆍ해임또는중도퇴임에관한신고,NICE홀딩스,2020-03-27
670,16:39,유양디앤유,011690,정기주주총회결과,유양디앤유,2020-03-27
669,16:39,케이티앤지,033780,[정정]참고서류,케이티앤지,2020-03-27
668,16:39,GS건설,006360,전환가액ㆍ신주인수권행사가액ㆍ교환가액의 조정(안내공시),지에스건설,2020-03-27
667,16:39,E1,017940,정기주주총회결과,E1,2020-03-27
666,16:39,포스코,005490,임원ㆍ주요주주특정증권등소유상황보고서,오경식,2020-03-27
665,16:38,대한제당,001790,정기주주총회결과,대한제당,2020-03-27
664,16:38,롯데정보통신,286940,임원ㆍ주요주주특정증권등소유상황보고서,현종도,2020-03-27
663,16:38,고려산업,002140,최대주주등소유주식변동신고서,고려산업,2020-03-27
662,16:38,드림텍,192650,최대주주등소유주식변동신고서,드림텍,2020-03-27
661,16:38,드림텍,192650,주식매수선택권부여에관한신고,드림텍,2020-03-27
660,16:38,한진중공업,097230,사외이사의선임ㆍ해임또는중도퇴임에관한신고,한진중공업,2020-03-27
659,16:38,삼천리,004690,정기주주총회결과,삼천리,2020-03-27
658,16:38,드림텍,192650,정기주주총회결과,드림텍,2020-03-27
657,16:37,NICE,034310,사외이사의선임ㆍ해임또는중도퇴임에관한신고[정],NICE홀딩스,2020-03-27
656,16:37,동부제철,016380,정기주주총회결과,동부제철,2020-03-27
655,16:35,삼호,001880,회사합병 결정,삼호,2020-03-27
654,16:35,대림산업,000210,투자판단 관련 주요경영사항,대림산업,2020-03-27
653,16:35,고려개발,004200,회사합병 결정,고려개발,2020-03-27
652,16:35,고려개발,004200,매매거래정지 및 정지해제(중요내용공시),유가증권시장본부,2020-03-27
651,16:35,삼호,001880,매매거래정지 및 정지해제(중요내용공시),유가증권시장본부,2020-03-27
650,16:34,금강공업,014280,최대주주등소유주식변동신고서,금강공업,2020-03-27
649,16:34,LIG넥스원,079550,자기주식취득결과보고서,엘아이지넥스원,2020-03-27
648,16:33,아시아나IDT,267850,사외이사의선임ㆍ해임또는중도퇴임에관한신고,아시아나아이디티,2020-03-27
647,16:33,케이티,030200,임원ㆍ주요주주특정증권등소유상황보고서,해용선,2020-03-27
646,16:32,SK가스,018670,사외이사의선임ㆍ해임또는중도퇴임에관한신고,SK가스,2020-03-27
645,16:32,롯데하이마트,071840,공정거래 자율준수프로그램 운영현황(안내공시),롯데하이마트,2020-03-27
644,16:32,일진다이아,081000,대표이사(대표집행임원) 변경(안내공시),일진다이아몬드,2020-03-27
643,16:31,호전실업,111110,정기주주총회결과,호전실업,2020-03-27
642,16:31,아시아나IDT,267850,사외이사의선임ㆍ해임또는중도퇴임에관한신고,아시아나아이디티,2020-03-27
641,16:31,케이티앤지,033780,[정정]주주총회소집공고,케이티앤지,2020-03-27
640,16:30,사조산업,007160,사외이사의선임ㆍ해임또는중도퇴임에관한신고,사조산업,2020-03-27
639,16:30,유엔젤,072130,[연결포함]사업보고서(일반법인),유엔젤,2020-03-27
638,16:30,아세아시멘트,183190,임원ㆍ주요주주특정증권등소유상황보고서,이인범,2020-03-27
637,16:30,포스코강판,058430,임원ㆍ주요주주특정증권등소유상황보고서,신건철,2020-03-27
636,16:30,일진다이아,081000,사외이사의선임ㆍ해임또는중도퇴임에관한신고,일진다이아몬드,2020-03-27
635,16:29,한진중공업,097230,정기주주총회결과,한진중공업,2020-03-27
634,16:29,아시아나IDT,267850,사외이사의선임ㆍ해임또는중도퇴임에관한신고,아시아나아이디티,2020-03-27
633,16:29,사조산업,007160,사외이사의선임ㆍ해임또는중도퇴임에관한신고,사조산업,2020-03-27
632,16:29,일진다이아,081000,정기주주총회결과,일진다이아몬드,2020-03-27
631,16:28,세기상사,002420,사업보고서(일반법인),세기상사,2020-03-27
630,16:28,코스맥스비티아이,044820,주식등의대량보유상황보고서(일반),이경수,2020-03-27
629,16:28,GS건설,006360,임원ㆍ주요주주특정증권등소유상황보고서,허진수,2020-03-27
628,16:28,롯데하이마트,071840,정기주주총회결과,롯데하이마트,2020-03-27
627,16:27,SK가스,018670,정기주주총회결과,SK가스,2020-03-27
626,16:27,락앤락,115390,사외이사의선임ㆍ해임또는중도퇴임에관한신고,락앤락,2020-03-27
625,16:27,고려산업,002140,정기주주총회결과,고려산업,2020-03-27
624,16:26,케이티,030200,임원ㆍ주요주주특정증권등소유상황보고서,최시환,2020-03-27
623,16:26,아시아나IDT,267850,사외이사의선임ㆍ해임또는중도퇴임에관한신고,아시아나아이디티,2020-03-27
622,16:25,유엔젤,072130,정기주주총회결과,유엔젤,2020-03-27
621,16:25,유나이티드,033270,사업보고서(일반법인),한국유나이티드제약,2020-03-27
620,16:25,락앤락,115390,사외이사의선임ㆍ해임또는중도퇴임에관한신고,락앤락,2020-03-27
619,16:25,에스엘,005850,임원ㆍ주요주주특정증권등소유상황보고서,서영주,2020-03-27
618,16:24,SK가스,018670,최대주주등소유주식변동신고서,SK가스,2020-03-27
617,16:24,아시아나IDT,267850,정기주주총회결과,아시아나아이디티,2020-03-27
616,16:23,쿠쿠홈시스,284740,사외이사의선임ㆍ해임또는중도퇴임에관한신고,쿠쿠홈시스,2020-03-27
615,16:23,한미반도체,042700,[연결포함]사업보고서(일반법인),한미반도체,2020-03-27
614,16:23,사조산업,007160,대표이사(대표집행임원) 변경(안내공시),사조산업,2020-03-27
613,16:23,락앤락,115390,사외이사의선임ㆍ해임또는중도퇴임에관한신고,락앤락,2020-03-27
612,16:23,효성화학,298000,주식등의대량보유상황보고서(약식),삼성액티브자산운용,2020-03-27
611,16:23,NICE,034310,정기주주총회결과,NICE홀딩스,2020-03-27
610,16:22,CJ제일제당,097950,정기주주총회결과,CJ제일제당,2020-03-27
609,16:22,쿠쿠홈시스,284740,사외이사의선임ㆍ해임또는중도퇴임에관한신고,쿠쿠홈시스,2020-03-27
608,16:22,미래에셋대우,006800,임원ㆍ주요주주특정증권등소유상황보고서,노정숙,2020-03-27
607,16:21,사조산업,007160,정기주주총회결과,사조산업,2020-03-27
606,16:21,케이티,030200,임원ㆍ주요주주특정증권등소유상황보고서,이한섭,2020-03-27
605,16:21,키움투자자산운용,047230,ETF 추가 ㆍ 변경상장신청서(수량변경)(일괄공시),키움투자자산운용,2020-03-27
604,16:20,아시아나항공,020560,정기주주총회결과,아시아나항공,2020-03-27
603,16:20,이연제약,102460,사외이사의선임ㆍ해임또는중도퇴임에관한신고,이연제약,2020-03-27
602,16:20,쿠쿠홈시스,284740,사외이사의선임ㆍ해임또는중도퇴임에관한신고,쿠쿠홈시스,2020-03-27
601,16:18,신세계푸드,031440,주식등의대량보유상황보고서(약식),미래에셋자산운용,2020-03-27
600,16:18,천일고속,000650,사외이사의선임ㆍ해임또는중도퇴임에관한신고,천일고속,2020-03-27
599,16:18,포스코,005490,임원ㆍ주요주주특정증권등소유상황보고서,김희,2020-03-27
598,16:18,쿠쿠홈시스,284740,사외이사의선임ㆍ해임또는중도퇴임에관한신고,쿠쿠홈시스,2020-03-27
597,16:18,디와이,013570,정기주주총회결과,디와이,2020-03-27
596,16:17,미래에셋대우,006800,임원ㆍ주요주주특정증권등소유상황보고서,조웅기,2020-03-27
595,16:17,천일고속,000650,정기주주총회결과,천일고속,2020-03-27
594,16:17,아시아나항공,020560,[정정]유상증자결정,아시아나항공,2020-03-27
593,16:16,코스모신소재,005070,사업보고서(일반법인),코스모신소재,2020-03-27
592,16:16,삼성증권,016360,증권발행실적보고서,삼성증권,2020-03-27
591,16:16,이연제약,102460,사외이사의선임ㆍ해임또는중도퇴임에관한신고,이연제약,2020-03-27
590,16:16,쿠쿠홈시스,284740,사외이사의선임ㆍ해임또는중도퇴임에관한신고,쿠쿠홈시스,2020-03-27
589,16:16,남영비비안,002070,[정정]분기보고서(일반법인),남영비비안,2020-03-27
588,16:15,남영비비안,002070,[정정][연결포함]사업보고서(일반법인),남영비비안,2020-03-27
587,16:15,락앤락,115390,정기주주총회결과(제15기),락앤락,2020-03-27
586,16:15,대신증권,003540,최대주주등소유주식변동신고서,대신증권,2020-03-27
585,16:14,미래에셋대우,006800,임원ㆍ주요주주특정증권등소유상황보고서,윤성범,2020-03-27
584,16:14,삼성증권,016360,증권발행실적보고서,삼성증권,2020-03-27
583,16:14,남영비비안,002070,[정정][연결포함]사업보고서(일반법인),남영비비안,2020-03-27
582,16:14,삼성엔지니어링,028050,임원ㆍ주요주주특정증권등소유상황보고서,문덕규,2020-03-27
581,16:13,폴루스바이오팜,007630,[정정]소송 등의 제기ㆍ신청(경영권 분쟁 소송),폴루스바이오팜,2020-03-27
580,16:13,녹십자홀딩스,005250,주식등의대량보유상황보고서(일반),허일섭,2020-03-27
579,16:13,쿠쿠홈시스,284740,사외이사의선임ㆍ해임또는중도퇴임에관한신고,쿠쿠홈시스,2020-03-27
578,16:13,대구백화점,006370,사외이사의선임ㆍ해임또는중도퇴임에관한신고,대구백화점,2020-03-27
577,16:13,에이프로젠제약,003060,[연결포함]사업보고서(일반법인),에이프로젠제약,2020-03-27
576,16:13,케이티,030200,임원ㆍ주요주주특정증권등소유상황보고서,박병삼,2020-03-27
575,16:12,금호에이치티,214330,임원ㆍ주요주주특정증권등소유상황보고서,에스맥,2020-03-27
574,16:12,삼성증권,016360,증권발행실적보고서,삼성증권,2020-03-27
573,16:12,제이에스코퍼레이션,194370,단기차입금증가결정,제이에스코퍼레이션,2020-03-27
572,16:11,경동인베스트,012320,정기주주총회결과,경동인베스트,2020-03-27
571,16:11,미원상사,002840,임원ㆍ주요주주특정증권등소유상황보고서,윤석열,2020-03-27
570,16:10,조일알미늄,018470,유상증자 또는 주식관련사채 등의 발행결과(자율공시),조일알미늄,2020-03-27
569,16:10,케이티앤지,033780,[정정]주주총회소집결의,케이티앤지,2020-03-27
568,16:10,삼화콘덴서공업,001820,사외이사의선임ㆍ해임또는중도퇴임에관한신고,삼화콘덴서공업,2020-03-27
567,16:10,삼성증권,016360,증권발행실적보고서,삼성증권,2020-03-27
566,16:10,대구백화점,006370,정기주주총회결과,대구백화점,2020-03-27
565,16:10,일정실업,008500,정기주주총회결과,일정실업,2020-03-27
564,16:10,한온시스템,018880,중간(분기)배당락 기준가격 안내,유가증권시장본부,2020-03-27
563,16:10,대동공업,000490,정기주주총회결과,대동공업,2020-03-27
562,16:10,쿠쿠홈시스,284740,정기주주총회결과,쿠쿠홈시스,2020-03-27
561,16:09,천일고속,000650,중간(분기)배당락 기준가격 안내,유가증권시장본부,2020-03-27
560,16:09,쿠쿠홀딩스,192400,현금ㆍ현물 배당 결정(자회사의 주요경영사항),쿠쿠홀딩스,2020-03-27
559,16:09,쌍용양회공업,003410,중간(분기)배당락 기준가격 안내(쌍용양회우),유가증권시장본부,2020-03-27
558,16:08,넷마블,251270,정기주주총회결과,넷마블,2020-03-27
557,16:08,케이티,030200,임원ㆍ주요주주특정증권등소유상황보고서,문영일,2020-03-27
556,16:08,쌍용양회공업,003410,중간(분기)배당락 기준가격 안내,유가증권시장본부,2020-03-27
555,16:08,두산,000150,중간(분기)배당락 기준가격 안내(두산2우B),유가증권시장본부,2020-03-27
554,16:07,두산,000150,중간(분기)배당락 기준가격 안내(두산우),유가증권시장본부,2020-03-27
553,16:07,한국프랜지공업,010100,정기주주총회결과,한국프랜지공업,2020-03-27
552,16:07,금호에이치티,214330,주식등의대량보유상황보고서(일반),에스맥,2020-03-27
551,16:07,두산,000150,중간(분기)배당락 기준가격 안내,유가증권시장본부,2020-03-27
550,16:06,미원상사,002840,주식등의대량보유상황보고서(일반),김정돈,2020-03-27
549,16:06,동남합성,023450,중간(분기)배당락 기준가격 안내,유가증권시장본부,2020-03-27
548,16:06,삼화콘덴서공업,001820,대표이사(대표집행임원) 변경(안내공시),삼화콘덴서공업,2020-03-27
547,16:06,메리츠종금증권,008560,증권발행실적보고서,메리츠종합금융증권,2020-03-27
546,16:06,동양철관,008970,사외이사의선임ㆍ해임또는중도퇴임에관한신고,동양철관,2020-03-27
545,16:06,금비,008870,중간(분기)배당락 기준가격 안내,유가증권시장본부,2020-03-27
544,16:05,삼아알미늄,006110,정기주주총회결과,삼아알미늄,2020-03-27
543,16:05,포스코,005490,중간(분기)배당락 기준가격 안내,유가증권시장본부,2020-03-27
542,16:05,한세엠케이,069640,최대주주등소유주식변동신고서,한세엠케이,2020-03-27
541,16:05,현대미포조선,010620,주식등의대량보유상황보고서(일반),한국조선해양,2020-03-27
540,16:05,유안타증권,003470,대표이사(대표집행임원) 변경(안내공시),유안타증권,2020-03-27
539,16:05,동일제강,002690,사외이사의선임ㆍ해임또는중도퇴임에관한신고,동일제강,2020-03-27
538,16:05,쿠쿠홈시스,284740,현금ㆍ현물 배당 결정,쿠쿠홈시스,2020-03-27
537,16:04,대동공업,000490,사외이사의선임ㆍ해임또는중도퇴임에관한신고,대동공업,2020-03-27
536,16:04,송원산업,004430,[연결포함]사업보고서(일반법인),송원산업,2020-03-27
535,16:04,한화생명,088350,임원ㆍ주요주주특정증권등소유상황보고서,안중철,2020-03-27
534,16:04,메리츠종금증권,008560,증권발행실적보고서,메리츠종합금융증권,2020-03-27
533,16:04,지엠비코리아,013870,정기주주총회결과,지엠비코리아,2020-03-27
532,16:03,,999990,배당락 기준가격 안내(3월 결산법인),유가증권시장본부,2020-03-27
531,16:03,미원상사,002840,최대주주등소유주식변동신고서,미원상사,2020-03-27
530,16:02,케이티,030200,임원ㆍ주요주주특정증권등소유상황보고서,김영인,2020-03-27
529,16:02,동일제강,002690,정기주주총회결과,동일제강,2020-03-27
528,16:02,현대중공업지주,267250,임원ㆍ주요주주특정증권등소유상황보고서,가삼현,2020-03-27
527,16:02,동원산업,006040,사외이사의선임ㆍ해임또는중도퇴임에관한신고,동원산업,2020-03-27
526,16:01,신한,005450,정기주주총회결과,신한,2020-03-27
525,16:00,휠라홀딩스,081660,정기주주총회결과,휠라홀딩스,2020-03-27
524,16:00,신원,009270,[연결포함]사업보고서(일반법인),신원,2020-03-27
523,16:00,현대에이치씨엔,126560,[연결포함]사업보고서(일반법인),현대에이치씨엔,2020-03-27
522,16:00,선진,136490,[연결포함]사업보고서(일반법인),선진,2020-03-27
521,16:00,금강공업,014280,정기주주총회결과,금강공업,2020-03-27
520,15:59,동원산업,006040,사외이사의선임ㆍ해임또는중도퇴임에관한신고,동원산업,2020-03-27
519,15:59,유안타증권,003470,최대주주등소유주식변동신고서,유안타증권,2020-03-27
518,15:59,티탑스,030790,[정정]유상증자결정,티탑스,2020-03-27
517,15:58,한세엠케이,069640,임원ㆍ주요주주특정증권등소유상황보고서,한세실업,2020-03-27
516,15:57,쎌마테라퓨틱스,015540,주식등의대량보유상황보고서(약식),뉴웨이브메디컬투자조합 제1호,2020-03-27
515,15:57,한국조선해양,009540,임원ㆍ주요주주특정증권등소유상황보고서,가삼현,2020-03-27
514,15:57,케이티,030200,임원ㆍ주요주주특정증권등소유상황보고서,김영우,2020-03-27
513,15:57,동원산업,006040,정기주주총회결과,동원산업,2020-03-27
512,15:57,알루코,001780,[연결포함]사업보고서(일반법인),알루코,2020-03-27
511,15:56,삼양홀딩스,000070,정기주주총회결과,삼양홀딩스,2020-03-27
510,15:56,아시아나항공,020560,사외이사의선임ㆍ해임또는중도퇴임에관한신고,아시아나항공,2020-03-27
509,15:55,한일철강,002220,임원ㆍ주요주주특정증권등소유상황보고서,엄채윤,2020-03-27
508,15:55,삼화전자공업,011230,사외이사의선임ㆍ해임또는중도퇴임에관한신고,삼화전자공업,2020-03-27
507,15:55,삼부토건,001470,정기주주총회결과,삼부토건,2020-03-27
506,15:55,한국가스공사,036460,정기주주총회결과,한국가스공사,2020-03-27
505,15:55,컨버즈,109070,전환가액ㆍ신주인수권행사가액ㆍ교환가액의 조정(안내공시),컨버즈,2020-03-27
504,15:54,진에어,272450,단기차입금증가결정,진에어,2020-03-27
503,15:54,삼화콘덴서공업,001820,정기주주총회결과,삼화콘덴서공업,2020-03-27
502,15:54,녹십자홀딩스,005250,최대주주등소유주식변동신고서,녹십자홀딩스,2020-03-27
501,15:54,지엠비코리아,013870,최대주주등소유주식변동신고서,지엠비코리아,2020-03-27
500,15:54,노루홀딩스,000320,최대주주등소유주식변동신고서,노루홀딩스,2020-03-27
499,15:53,이연제약,102460,정기주주총회결과,이연제약,2020-03-27
498,15:53,한일철강,002220,임원ㆍ주요주주특정증권등소유상황보고서,엄정헌,2020-03-27
497,15:52,광전자,017900,정기주주총회결과,광전자,2020-03-27
496,15:52,케이티,030200,임원ㆍ주요주주특정증권등소유상황보고서,김봉기,2020-03-27
495,15:52,노루홀딩스,000320,임원ㆍ주요주주특정증권등소유상황보고서,한원석,2020-03-27
494,15:51,사조오양,006090,정기주주총회결과,사조오양,2020-03-27
493,15:51,한국전력공사,015760,정기주주총회결과,한국전력공사,2020-03-27
492,15:51,한일철강,002220,임원ㆍ주요주주특정증권등소유상황보고서,엄신영,2020-03-27
491,15:51,일신석재,007110,정기주주총회결과,일신석재,2020-03-27
490,15:50,삼화전자공업,011230,정기주주총회결과,삼화전자공업,2020-03-27
489,15:49,대한전선,001440,정기주주총회결과,대한전선,2020-03-27
488,15:49,알루코,001780,사외이사의선임ㆍ해임또는중도퇴임에관한신고,알루코,2020-03-27
487,15:48,대원강업,000430,대표이사(대표집행임원) 변경(안내공시),대원강업,2020-03-27
486,15:48,사조대림,003960,정기주주총회결과,사조대림,2020-03-27
485,15:48,계양전기,012200,대표이사(대표집행임원) 변경(안내공시),계양전기,2020-03-27
484,15:47,알루코,001780,사외이사의선임ㆍ해임또는중도퇴임에관한신고,알루코,2020-03-27
483,15:47,영풍,000670,특수관계인으로부터주식의취득,영풍,2020-03-27
482,15:47,삼성증권,016360,투자설명서[일괄신고-사채],삼성증권,2020-03-27
481,15:46,노루홀딩스,000320,주식등의대량보유상황보고서(일반),한영재,2020-03-27
480,15:46,현대미포조선,010620,최대주주등소유주식변동신고서,현대미포조선,2020-03-27
479,15:45,현대차증권,001500,증권발행실적보고서,현대차증권,2020-03-27
478,15:45,대동공업,000490,대표이사(대표집행임원) 변경(안내공시),대동공업,2020-03-27
477,15:45,조일알미늄,018470,주식등의대량보유상황보고서(약식),신한금융투자,2020-03-27
476,15:45,서흥,008490,[연결포함]사업보고서(일반법인),서흥,2020-03-27
475,15:44,세원셀론텍,091090,주식등의대량보유상황보고서(약식),수성자산운용,2020-03-27
474,15:44,영풍,000670,특수관계인으로부터주식의취득,영풍,2020-03-27
473,15:44,한국쉘석유,002960,사외이사의선임ㆍ해임또는중도퇴임에관한신고,한국쉘석유,2020-03-27
472,15:43,아주캐피탈,033660,단기차입금증가결정,아주캐피탈,2020-03-27
471,15:43,계양전기,012200,사외이사의선임ㆍ해임또는중도퇴임에관한신고,계양전기,2020-03-27
470,15:43,후성,093370,타인에대한채무보증결정,후성,2020-03-27
469,15:42,SBS미디어홀딩스,101060,정기주주총회결과,SBS미디어홀딩스,2020-03-27
468,15:42,혜인,003010,정기주주총회결과,혜인,2020-03-27
467,15:42,갤럭시아에스엠,011420,대표이사(대표집행임원) 변경(안내공시),갤럭시아 에스엠,2020-03-27
466,15:42,케이티,030200,임원ㆍ주요주주특정증권등소유상황보고서,구강본,2020-03-27
465,15:42,STX중공업,071970,대표이사(대표집행임원) 변경(안내공시),STX중공업,2020-03-27
464,15:42,포스코,005490,임원ㆍ주요주주특정증권등소유상황보고서,정범수,2020-03-27
463,15:42,엔에이치엔,181710,주식등의대량보유상황보고서(일반),이준호,2020-03-27
462,15:42,알루코,001780,정기주주총회결과,알루코,2020-03-27
461,15:42,한국쉘석유,002960,사외이사의선임ㆍ해임또는중도퇴임에관한신고,한국쉘석유,2020-03-27
460,15:42,지엠비코리아,013870,임원ㆍ주요주주특정증권등소유상황보고서,정세영,2020-03-27
459,15:42,계양전기,012200,사외이사의선임ㆍ해임또는중도퇴임에관한신고,계양전기,2020-03-27
458,15:41,한전산업,130660,사외이사의선임ㆍ해임또는중도퇴임에관한신고,한전산업개발,2020-03-27
457,15:41,메리츠종금증권,008560,증권발행실적보고서,메리츠종합금융증권,2020-03-27
456,15:41,한전산업,130660,[정정]단일판매ㆍ공급계약 체결(자율공시),한전산업개발,2020-03-27
455,15:41,영풍,000670,특수관계인으로부터주식의취득,영풍,2020-03-27
454,15:40,경인전자,009140,[연결포함]사업보고서(일반법인),경인전자,2020-03-27
453,15:40,고려제강,002240,정기주주총회결과,고려제강,2020-03-27
452,15:40,STX중공업,071970,정기주주총회결과,STX중공업,2020-03-27
451,15:40,계양전기,012200,정기주주총회결과,계양전기,2020-03-27
450,15:40,애경산업,018250,주식등의대량보유상황보고서(일반),AK홀딩스,2020-03-27
449,15:39,갤럭시아에스엠,011420,정기주주총회결과,갤럭시아 에스엠,2020-03-27
448,15:39,애경유화,161000,주식등의대량보유상황보고서(일반),AK홀딩스,2020-03-27
447,15:39,부광약품,003000,[연결포함]사업보고서(일반법인),부광약품,2020-03-27
446,15:38,동일산업,004890,사외이사의선임ㆍ해임또는중도퇴임에관한신고,동일산업,2020-03-27
445,15:38,케이씨씨,002380,동일인등출자계열회사와의상품ㆍ용역거래,케이씨씨,2020-03-27
444,15:38,아이에스동서,010780,기업설명회(IR) 개최(안내공시),아이에스동서,2020-03-27
443,15:38,DSR,155660,사외이사의선임ㆍ해임또는중도퇴임에관한신고,DSR,2020-03-27
442,15:37,아이에스동서,010780,정기주주총회결과,아이에스동서,2020-03-27
441,15:37,동일산업,004890,사외이사의선임ㆍ해임또는중도퇴임에관한신고,동일산업,2020-03-27
440,15:37,팜스코,036580,[연결포함]사업보고서(일반법인),팜스코,2020-03-27
439,15:37,GS,078930,임원ㆍ주요주주특정증권등소유상황보고서,허연수,2020-03-27
438,15:36,DSR,155660,사외이사의선임ㆍ해임또는중도퇴임에관한신고,DSR,2020-03-27
437,15:35,일정실업,008500,[연결포함]사업보고서(일반법인),일정실업,2020-03-27
436,15:35,LF,093050,사외이사의선임ㆍ해임또는중도퇴임에관한신고,LF,2020-03-27
435,15:34,DSR,155660,사외이사의선임ㆍ해임또는중도퇴임에관한신고,DSR,2020-03-27
434,15:34,써니전자,004770,[연결포함]사업보고서(일반법인),써니전자,2020-03-27
433,15:33,고려제강,002240,대표이사(대표집행임원) 변경(안내공시),고려제강,2020-03-27
432,15:32,동일산업,004890,정기주주총회결과,동일산업,2020-03-27
431,15:32,GS건설,006360,[연결포함]사업보고서(일반법인),지에스건설,2020-03-27
430,15:32,진에어,272450,신탁계약해지결과보고서,진에어,2020-03-27
429,15:32,삼성바이오로직스,207940,임원ㆍ주요주주특정증권등소유상황보고서,김기중,2020-03-27
428,15:31,케이티,030200,임원ㆍ주요주주특정증권등소유상황보고서,고경우,2020-03-27
427,15:31,케이씨씨,002380,사외이사의선임ㆍ해임또는중도퇴임에관한신고,케이씨씨,2020-03-27
426,15:31,한전산업,130660,정기주주총회결과,한전산업개발,2020-03-27
425,15:30,황금에스티,032560,정기주주총회결과,황금에스티,2020-03-27
424,15:30,LG상사,001120,임원ㆍ주요주주특정증권등소유상황보고서,신동헌,2020-03-27
423,15:30,일진디스플,020760,사외이사의선임ㆍ해임또는중도퇴임에관한신고,일진디스플레이,2020-03-27
422,15:29,전방,000950,최대주주등소유주식변동신고서,전방,2020-03-27
421,15:29,조광피혁,004700,사외이사의선임ㆍ해임또는중도퇴임에관한신고,조광피혁,2020-03-27
420,15:29,갤럭시아에스엠,011420,사외이사의선임ㆍ해임또는중도퇴임에관한신고,갤럭시아 에스엠,2020-03-27
419,15:28,GS글로벌,001250,최대주주등소유주식변동신고서,지에스글로벌,2020-03-27
418,15:28,하나제약,293480,정기주주총회결과,하나제약,2020-03-27
417,15:28,써니전자,004770,사외이사의선임ㆍ해임또는중도퇴임에관한신고,써니전자,2020-03-27
416,15:28,삼부토건,001470,타인에대한채무보증결정,삼부토건,2020-03-27
415,15:28,애경산업,018250,동일인등출자계열회사와의상품ㆍ용역거래,애경산업,2020-03-27
414,15:27,녹십자,006280,임원ㆍ주요주주특정증권등소유상황보고서,국민연금공단,2020-03-27
413,15:27,효성,004800,임원ㆍ주요주주특정증권등소유상황보고서,국민연금공단,2020-03-27
412,15:26,써니전자,004770,사외이사의선임ㆍ해임또는중도퇴임에관한신고,써니전자,2020-03-27
411,15:26,GS글로벌,001250,임원ㆍ주요주주특정증권등소유상황보고서,김석환,2020-03-27
410,15:25,삼성증권,016360,[연결포함]일괄신고추가서류(파생결합사채-주가연계파생결합사채),삼성증권,2020-03-27
409,15:25,사조동아원,008040,정기주주총회결과,사조동아원,2020-03-27
408,15:25,한미반도체,042700,임원ㆍ주요주주특정증권등소유상황보고서,국민연금공단,2020-03-27
407,15:24,애경산업,018250,주식매수선택권부여에관한신고,애경산업,2020-03-27
406,15:24,케이씨씨,002380,사외이사의선임ㆍ해임또는중도퇴임에관한신고,케이씨씨,2020-03-27
405,15:24,일진홀딩스,015860,[연결포함]사업보고서(일반법인),일진홀딩스,2020-03-27
404,15:24,써니전자,004770,정기주주총회결과,써니전자,2020-03-27
403,15:22,일진디스플,020760,정기주주총회결과,일진디스플레이,2020-03-27
402,15:21,KEC,092220,사외이사의선임ㆍ해임또는중도퇴임에관한신고,케이이씨,2020-03-27
401,15:21,한국쉘석유,002960,정기주주총회결과,한국쉘석유,2020-03-27
400,15:21,사조동아원,008040,사외이사의선임ㆍ해임또는중도퇴임에관한신고,사조동아원,2020-03-27
399,15:21,GS글로벌,001250,임원ㆍ주요주주특정증권등소유상황보고서,정택근,2020-03-27
398,15:20,KEC,092220,정기주주총회결과,케이이씨,2020-03-27
397,15:20,케이씨씨,002380,사외이사의선임ㆍ해임또는중도퇴임에관한신고,케이씨씨,2020-03-27
396,15:18,녹십자,006280,임원ㆍ주요주주특정증권등소유상황보고서,국민연금공단,2020-03-27
395,15:18,애경산업,018250,정기주주총회결과,애경산업,2020-03-27
394,15:17,효성,004800,임원ㆍ주요주주특정증권등소유상황보고서,국민연금공단,2020-03-27
393,15:17,태광산업,003240,정기주주총회결과,태광산업,2020-03-27
392,15:17,CJ제일제당,097950,사외이사의선임ㆍ해임또는중도퇴임에관한신고,CJ제일제당,2020-03-27
391,15:17,LF,093050,정기주주총회결과,LF,2020-03-27
390,15:17,포스코,005490,임원ㆍ주요주주특정증권등소유상황보고서,이희근,2020-03-27
389,15:16,GS,078930,임원ㆍ주요주주특정증권등소유상황보고서,국민연금공단,2020-03-27
388,15:16,DSR,155660,정기주주총회결과,DSR,2020-03-27
387,15:15,효성,004800,임원ㆍ주요주주특정증권등소유상황보고서,국민연금공단,2020-03-27
386,15:14,케이티,030200,임원ㆍ주요주주특정증권등소유상황보고서,임종택,2020-03-27
385,15:13,조광피혁,004700,정기주주총회결과,조광피혁,2020-03-27
384,15:13,태광산업,003240,동일인등출자계열회사와의상품ㆍ용역거래,태광산업,2020-03-27
383,15:12,신화실업,001770,사외이사의선임ㆍ해임또는중도퇴임에관한신고,신화실업,2020-03-27
382,15:11,CJ제일제당,097950,대표이사(대표집행임원) 변경(안내공시),CJ제일제당,2020-03-27
381,15:11,한국카본,017960,정기주주총회결과,한국카본,2020-03-27
380,15:11,OCI,010060,최대주주등소유주식변동신고서,OCI,2020-03-27
379,15:10,태광산업,003240,사외이사의선임ㆍ해임또는중도퇴임에관한신고,태광산업,2020-03-27
378,15:10,사조씨푸드,014710,사외이사의선임ㆍ해임또는중도퇴임에관한신고,사조씨푸드,2020-03-27
377,15:08,이수화학,005950,정기주주총회결과,이수화학,2020-03-27
376,15:08,모나미,005360,임원ㆍ주요주주특정증권등소유상황보고서,김경조,2020-03-27
375,15:08,SBS,034120,특수관계인에대한출자,SBS,2020-03-27
374,15:08,삼익THK,004380,사외이사의선임ㆍ해임또는중도퇴임에관한신고,삼익THK,2020-03-27
373,15:08,극동유화,014530,정기주주총회결과,극동유화,2020-03-27
372,15:07,청호컴넷,012600,주식등의대량보유상황보고서(일반),청호엔터프라이스,2020-03-27
371,15:06,포스코,005490,임원ㆍ주요주주특정증권등소유상황보고서,김대업,2020-03-27
370,15:03,사조씨푸드,014710,대표이사(대표집행임원) 변경(안내공시),사조씨푸드,2020-03-27
369,15:03,선창산업,002820,정기주주총회결과,선창산업,2020-03-27
368,15:02,대상,001680,사외이사의선임ㆍ해임또는중도퇴임에관한신고,대상,2020-03-27
367,15:01,대상,001680,사외이사의선임ㆍ해임또는중도퇴임에관한신고,대상,2020-03-27
366,15:00,자이에스앤디,317400,사업보고서(일반법인),자이에스앤디,2020-03-27
365,15:00,GS글로벌,001250,임원ㆍ주요주주특정증권등소유상황보고서,김경종,2020-03-27
364,15:00,동아타이어,282690,임원ㆍ주요주주특정증권등소유상황보고서,이병현,2020-03-27
363,15:00,대상,001680,사외이사의선임ㆍ해임또는중도퇴임에관한신고,대상,2020-03-27
362,14:59,대상,001680,사외이사의선임ㆍ해임또는중도퇴임에관한신고,대상,2020-03-27
361,14:59,삼익THK,004380,정기주주총회결과,삼익THK,2020-03-27
360,14:58,세아홀딩스,058650,사외이사의선임ㆍ해임또는중도퇴임에관한신고,세아홀딩스,2020-03-27
359,14:58,포스코,005490,임원ㆍ주요주주특정증권등소유상황보고서,정경진,2020-03-27
358,14:58,대상,001680,사외이사의선임ㆍ해임또는중도퇴임에관한신고,대상,2020-03-27
357,14:58,삼화페인트공업,000390,[연결포함]사업보고서(일반법인),삼화페인트공업,2020-03-27
356,14:57,퍼스텍,010820,사외이사의선임ㆍ해임또는중도퇴임에관한신고,퍼스텍,2020-03-27
355,14:57,대상,001680,사외이사의선임ㆍ해임또는중도퇴임에관한신고,대상,2020-03-27
354,14:57,퍼스텍,010820,사외이사의선임ㆍ해임또는중도퇴임에관한신고,퍼스텍,2020-03-27
353,14:57,대상홀딩스,084690,대표이사(대표집행임원) 변경(안내공시),대상홀딩스,2020-03-27
352,14:56,세아제강,306200,임원ㆍ주요주주특정증권등소유상황보고서,이태성,2020-03-27
351,14:55,퍼스텍,010820,정기주주총회결과,퍼스텍,2020-03-27
350,14:55,대상,001680,정기주주총회결과,대상,2020-03-27
349,14:55,동아타이어,282690,주식등의대량보유상황보고서(일반),김만수,2020-03-27
348,14:55,대창단조,015230,사외이사의선임ㆍ해임또는중도퇴임에관한신고,대창단조,2020-03-27
347,14:54,비상교육,100220,정기주주총회결과,비상교육,2020-03-27
346,14:54,대창단조,015230,사외이사의선임ㆍ해임또는중도퇴임에관한신고,대창단조,2020-03-27
345,14:54,GS글로벌,001250,사외이사의선임ㆍ해임또는중도퇴임에관한신고,지에스글로벌,2020-03-27
344,14:53,사조씨푸드,014710,정기주주총회결과,사조씨푸드,2020-03-27
343,14:53,대창단조,015230,사외이사의선임ㆍ해임또는중도퇴임에관한신고,대창단조,2020-03-27
342,14:53,포스코,005490,임원ㆍ주요주주특정증권등소유상황보고서,김상균,2020-03-27
341,14:52,대상홀딩스,084690,정기주주총회결과,대상홀딩스,2020-03-27
340,14:52,대상홀딩스,084690,사외이사의선임ㆍ해임또는중도퇴임에관한신고,대상홀딩스,2020-03-27
339,14:51,케이씨씨,002380,정기주주총회결과,케이씨씨,2020-03-27
338,14:51,GS글로벌,001250,사외이사의선임ㆍ해임또는중도퇴임에관한신고,지에스글로벌,2020-03-27
337,14:51,GS,078930,사외이사의선임ㆍ해임또는중도퇴임에관한신고,GS,2020-03-27
336,14:51,대상홀딩스,084690,사외이사의선임ㆍ해임또는중도퇴임에관한신고,대상홀딩스,2020-03-27
335,14:50,DB,012030,사외이사의선임ㆍ해임또는중도퇴임에관한신고,DB Inc.,2020-03-27
334,14:50,KISCO홀딩스,001940,사외이사의선임ㆍ해임또는중도퇴임에관한신고,KISCO홀딩스,2020-03-27
333,14:49,세아홀딩스,058650,임원ㆍ주요주주특정증권등소유상황보고서,이순형(李舜珩),2020-03-27
332,14:49,청호컴넷,012600,정기주주총회결과,청호컴넷,2020-03-27
331,14:49,신영증권,001720,증권발행실적보고서,신영증권,2020-03-27
330,14:49,DB,012030,사외이사의선임ㆍ해임또는중도퇴임에관한신고,DB Inc.,2020-03-27
329,14:48,미래에셋자산운용,036320,ETF 추가 ㆍ 변경상장신청서(수량변경)(일괄공시),미래에셋자산운용,2020-03-27
328,14:48,삼성증권,016360,투자설명서[일괄신고-사채],삼성증권,2020-03-27
327,14:48,KISCO홀딩스,001940,사외이사의선임ㆍ해임또는중도퇴임에관한신고,KISCO홀딩스,2020-03-27
326,14:48,한국투자신탁운용,047240,ETF 추가 ㆍ 변경상장신청서(수량변경)(일괄공시),한국투자신탁운용,2020-03-27
325,14:48,KISCO홀딩스,001940,정기주주총회결과,KISCO홀딩스,2020-03-27
324,14:47,신화실업,001770,정기주주총회결과,신화실업,2020-03-27
323,14:46,유니온,000910,정기주주총회결과,유니온,2020-03-27
322,14:46,에이블씨엔씨,078520,사외이사의선임ㆍ해임또는중도퇴임에관한신고,에이블씨엔씨,2020-03-27
321,14:46,DB,012030,사외이사의선임ㆍ해임또는중도퇴임에관한신고,DB Inc.,2020-03-27
320,14:46,KISCO홀딩스,001940,사외이사의선임ㆍ해임또는중도퇴임에관한신고,KISCO홀딩스,2020-03-27
319,14:46,세아제강지주,003030,임원ㆍ주요주주특정증권등소유상황보고서,이태성,2020-03-27
318,14:46,세아홀딩스,058650,정기주주총회결과,세아홀딩스,2020-03-27
317,14:45,삼성증권,016360,투자설명서[일괄신고-사채],삼성증권,2020-03-27
316,14:45,GS글로벌,001250,정기주주총회결과,지에스글로벌,2020-03-27
315,14:45,DSR제강,069730,사외이사의선임ㆍ해임또는중도퇴임에관한신고,DSR제강,2020-03-27
314,14:45,DB,012030,정기주주총회결과,DB Inc.,2020-03-27
313,14:43,대신증권,003540,투자설명서[일괄신고-사채],대신증권,2020-03-27
312,14:43,DSR제강,069730,사외이사의선임ㆍ해임또는중도퇴임에관한신고,DSR제강,2020-03-27
311,14:42,에이블씨엔씨,078520,사외이사의선임ㆍ해임또는중도퇴임에관한신고,에이블씨엔씨,2020-03-27
310,14:41,한국철강,104700,사외이사의선임ㆍ해임또는중도퇴임에관한신고,한국철강,2020-03-27
309,14:40,삼성증권,016360,[연결포함]일괄신고추가서류(파생결합사채-주가연계파생결합사채),삼성증권,2020-03-27
308,14:40,대원화성,024890,정기주주총회결과,대원화성,2020-03-27
307,14:40,세아제강,306200,임원ㆍ주요주주특정증권등소유상황보고서,세아제강지주,2020-03-27
306,14:39,오뚜기,007310,정기주주총회결과,오뚜기,2020-03-27
305,14:39,동아타이어,282690,최대주주등소유주식변동신고서,동아타이어공업,2020-03-27
304,14:39,키위미디어그룹,012170,주식등의대량보유상황보고서(약식),비즈솔루션랩,2020-03-27
303,14:39,한국철강,104700,사외이사의선임ㆍ해임또는중도퇴임에관한신고,한국철강,2020-03-27
302,14:38,메타랩스,090370,임원ㆍ주요주주특정증권등소유상황보고서,전태준,2020-03-27
301,14:38,롯데쇼핑,023530,임원ㆍ주요주주특정증권등소유상황보고서,남승우,2020-03-27
300,14:38,우리들휴브레인,118000,유상증자 또는 주식관련사채 등의 발행결과(자율공시),우리들휴브레인,2020-03-27
299,14:37,에이블씨엔씨,078520,사외이사의선임ㆍ해임또는중도퇴임에관한신고,에이블씨엔씨,2020-03-27
298,14:37,메타랩스,090370,임원ㆍ주요주주특정증권등소유상황보고서,이수진,2020-03-27
297,14:37,신영증권,001720,증권발행실적보고서,신영증권,2020-03-27
296,14:37,유수홀딩스,000700,감사보고서 제출,유수홀딩스,2020-03-27
295,14:37,한국철강,104700,사외이사의선임ㆍ해임또는중도퇴임에관한신고,한국철강,2020-03-27
294,14:37,대신증권,003540,[연결포함]일괄신고추가서류(파생결합사채-주가연계파생결합사채),대신증권,2020-03-27
293,14:37,애경유화,161000,정기주주총회결과,애경유화,2020-03-27
292,14:36,세아제강,306200,주식등의대량보유상황보고서(일반),세아제강지주,2020-03-27
291,14:36,동아타이어,282690,사외이사의선임ㆍ해임또는중도퇴임에관한신고,동아타이어공업,2020-03-27
290,14:36,메타랩스,090370,사외이사의선임ㆍ해임또는중도퇴임에관한신고,메타랩스,2020-03-27
289,14:35,메타랩스,090370,사외이사의선임ㆍ해임또는중도퇴임에관한신고,메타랩스,2020-03-27
288,14:35,동아타이어,282690,사외이사의선임ㆍ해임또는중도퇴임에관한신고,동아타이어공업,2020-03-27
287,14:35,메타랩스,090370,사외이사의선임ㆍ해임또는중도퇴임에관한신고,메타랩스,2020-03-27
286,14:34,삼성증권,016360,[연결포함]일괄신고추가서류(파생결합사채-주가연계파생결합사채),삼성증권,2020-03-27
285,14:34,삼화전기,009470,정기주주총회결과,삼화전기,2020-03-27
284,14:33,세아제강지주,003030,임원ㆍ주요주주특정증권등소유상황보고서,에이팩인베스터스,2020-03-27
283,14:33,동아타이어,282690,사외이사의선임ㆍ해임또는중도퇴임에관한신고,동아타이어공업,2020-03-27
282,14:33,메타랩스,090370,정기주주총회결과,메타랩스,2020-03-27
281,14:33,주연테크,044380,정기주주총회결과,주연테크,2020-03-27
280,14:32,대덕전자,008060,정기주주총회결과,대덕전자,2020-03-27
279,14:31,DSR제강,069730,정기주주총회결과,DSR제강,2020-03-27
278,14:31,동아타이어,282690,사외이사의선임ㆍ해임또는중도퇴임에관한신고,동아타이어공업,2020-03-27
277,14:31,KEC,092220,최대주주등소유주식변동신고서,케이이씨,2020-03-27
276,14:31,한국철강,104700,정기주주총회결과,한국철강,2020-03-27
275,14:30,청호컴넷,012600,사외이사의선임ㆍ해임또는중도퇴임에관한신고,청호컴넷,2020-03-27
274,14:29,롯데쇼핑,023530,임원ㆍ주요주주특정증권등소유상황보고서,김명구,2020-03-27
273,14:29,케이티,030200,임원ㆍ주요주주특정증권등소유상황보고서,박종욱,2020-03-27
272,14:28,삼정펄프,009770,최대주주등소유주식변동신고서,삼정펄프,2020-03-27
271,14:27,SH에너지화학,002360,[정정]생산중단,SH에너지화학,2020-03-27
270,14:26,삼성전자,005930,임원ㆍ주요주주특정증권등소유상황보고서,김연성,2020-03-27
269,14:26,삼화왕관,004450,정기주주총회결과,삼화왕관,2020-03-27
268,14:26,GS,078930,대표이사(대표집행임원) 변경(안내공시),GS,2020-03-27
267,14:25,세아제강지주,003030,임원ㆍ주요주주특정증권등소유상황보고서,이태성,2020-03-27
266,14:25,대덕전자,008060,대표이사(대표집행임원) 변경(안내공시),대덕전자,2020-03-27
265,14:25,애경유화,161000,주식매수선택권부여에관한신고,애경유화,2020-03-27
264,14:25,디티알오토모티브,007340,사외이사의선임ㆍ해임또는중도퇴임에관한신고,디티알오토모티브,2020-03-27
263,14:24,청호컴넷,012600,사외이사의선임ㆍ해임또는중도퇴임에관한신고,청호컴넷,2020-03-27
262,14:24,신풍제약,019170,사외이사의선임ㆍ해임또는중도퇴임에관한신고,신풍제약,2020-03-27
261,14:24,SPC삼립,005610,대표이사(대표집행임원) 변경(안내공시),SPC삼립,2020-03-27
260,14:24,대신증권,003540,증권발행실적보고서,대신증권,2020-03-27
259,14:24,범양건영,002410,본점소재지변경,범양건영,2020-03-27
258,14:23,디티알오토모티브,007340,정기주주총회결과,디티알오토모티브,2020-03-27
257,14:23,범양건영,002410,대표이사(대표집행임원) 변경(안내공시),범양건영,2020-03-27
256,14:23,대신증권,003540,증권발행실적보고서,대신증권,2020-03-27
255,14:23,디티알오토모티브,007340,사외이사의선임ㆍ해임또는중도퇴임에관한신고,디티알오토모티브,2020-03-27
254,14:22,현대모비스,012330,임원ㆍ주요주주특정증권등소유상황보고서,배형근,2020-03-27
253,14:22,동양물산기업,002900,정기주주총회결과,동양물산기업,2020-03-27
252,14:22,깨끗한나라,004540,정기주주총회결과,깨끗한나라,2020-03-27
251,14:22,SBS,034120,사외이사의선임ㆍ해임또는중도퇴임에관한신고,SBS,2020-03-27
250,14:21,성문전자,014910,정기주주총회결과,성문전자,2020-03-27
249,14:21,세아홀딩스,058650,최대주주등소유주식변동신고서,세아홀딩스,2020-03-27
248,14:20,부국철강,026940,정기주주총회결과,부국철강,2020-03-27
247,14:20,SPC삼립,005610,정기주주총회결과,SPC삼립,2020-03-27
246,14:20,청호컴넷,012600,사외이사의선임ㆍ해임또는중도퇴임에관한신고,청호컴넷,2020-03-27
245,14:20,부국철강,026940,사외이사의선임ㆍ해임또는중도퇴임에관한신고,부국철강,2020-03-27
244,14:19,화천기계,010660,자기주식취득결과보고서,화천기계,2020-03-27
243,14:19,티탑스,030790,정기주주총회결과,티탑스,2020-03-27
242,14:19,세아제강지주,003030,임원ㆍ주요주주특정증권등소유상황보고서,이순형(李舜珩),2020-03-27
241,14:19,디티알오토모티브,007340,대표이사(대표집행임원) 변경(안내공시),디티알오토모티브,2020-03-27
240,14:19,한화자산운용,030680,ETF 추가 ㆍ 변경상장신청서(수량변경)(일괄공시),한화자산운용,2020-03-27
239,14:19,케이비자산운용,047210,ETF 추가 ㆍ 변경상장신청서(수량변경)(일괄공시),KB자산운용,2020-03-27
238,14:19,삼성자산운용,038900,ETF 추가 ㆍ 변경상장신청서(수량변경)(일괄공시),삼성자산운용,2020-03-27
237,14:18,동아타이어,282690,정기주주총회결과,동아타이어공업,2020-03-27
236,14:18,태림포장,011280,정기주주총회결과,태림포장,2020-03-27
235,14:17,대현,016090,사업보고서(일반법인),대현,2020-03-27
234,14:17,신풍제약,019170,정기주주총회결과,신풍제약,2020-03-27
233,14:17,SBS,034120,정기주주총회결과,SBS,2020-03-27
232,14:17,현대모비스,012330,임원ㆍ주요주주특정증권등소유상황보고서,박정국,2020-03-27
231,14:15,진에어,272450,자기주식취득 신탁계약 해지 결정,진에어,2020-03-27
230,14:14,케이티,030200,임원ㆍ주요주주특정증권등소유상황보고서,신소희,2020-03-27
229,14:14,코아스,071950,정기주주총회결과,코아스,2020-03-27
228,14:13,세아제강지주,003030,주식등의대량보유상황보고서(일반),이순형(李舜珩),2020-03-27
227,14:12,코오롱인더,120110,최대주주등소유주식변동신고서,코오롱인더스트리,2020-03-27
226,14:11,필룩스,033180,정기주주총회결과,필룩스,2020-03-27
225,14:11,롯데정보통신,286940,최대주주등소유주식변동신고서,롯데정보통신,2020-03-27
224,14:10,보락,002760,사업보고서(일반법인),보락,2020-03-27
223,14:10,현대모비스,012330,임원ㆍ주요주주특정증권등소유상황보고서,정의선,2020-03-27
222,14:10,에이블씨엔씨,078520,정기주주총회결과,에이블씨엔씨,2020-03-27
221,14:09,신성이엔지,011930,대표이사(대표집행임원) 변경(안내공시),신성이엔지,2020-03-27
220,14:09,아남전자,008700,정기주주총회결과,아남전자,2020-03-27
219,14:09,대현,016090,임원ㆍ주요주주특정증권등소유상황보고서,김병일,2020-03-27
218,14:08,동양물산기업,002900,전환가액ㆍ신주인수권행사가액ㆍ교환가액의 조정(안내공시),동양물산기업,2020-03-27
217,14:06,남성,004270,정기주주총회결과,남성,2020-03-27
216,14:03,대현,016090,주식등의대량보유상황보고서(일반),신현균,2020-03-27
215,14:03,아모레퍼시픽,090430,최대주주등소유주식변동신고서,아모레퍼시픽,2020-03-27
214,14:03,이스타코,015020,최대주주등소유주식변동신고서,이스타코,2020-03-27
213,14:02,세아제강지주,003030,최대주주등소유주식변동신고서,세아제강지주,2020-03-27
212,14:02,포스코케미칼,003670,임원ㆍ주요주주특정증권등소유상황보고서,조용호,2020-03-27
211,14:01,KC코트렐,119650,정기주주총회결과,케이씨코트렐,2020-03-27
210,14:01,아모레퍼시픽,090430,주식등의대량보유상황보고서(일반),아모레퍼시픽그룹,2020-03-27
209,14:00,하이트진로,000080,동일인등출자계열회사와의상품ㆍ용역거래,하이트진로,2020-03-27
208,14:00,롯데쇼핑,023530,임원ㆍ주요주주특정증권등소유상황보고서,김두원,2020-03-27
207,13:59,현대자동차,005380,임원ㆍ주요주주특정증권등소유상황보고서,정의선,2020-03-27
206,13:59,삼성증권,016360,투자설명서[일괄신고-사채],삼성증권,2020-03-27
205,13:59,세아제강,306200,최대주주등소유주식변동신고서,세아제강,2020-03-27
204,13:59,잇츠한불,226320,정기주주총회결과,잇츠한불,2020-03-27
203,13:58,한국자산신탁,123890,임원ㆍ주요주주특정증권등소유상황보고서,엠디엠,2020-03-27
202,13:58,KTB투자증권,030210,임원ㆍ주요주주특정증권등소유상황보고서,박정환,2020-03-27
201,13:58,신라교역,004970,주식등의대량보유상황보고서(일반),신라홀딩스,2020-03-27
200,13:57,백산,035150,정기주주총회결과,백산,2020-03-27
199,13:57,유니퀘스트,077500,신탁계약해지결과보고서,유니퀘스트,2020-03-27
198,13:56,범양건영,002410,정기주주총회결과,범양건영,2020-03-27
197,13:56,신대양제지,016590,정기주주총회결과,신대양제지,2020-03-27
196,13:55,신성이엔지,011930,정기주주총회결과,신성이엔지,2020-03-27
195,13:55,동원수산,030720,정기주주총회결과,동원수산,2020-03-27
194,13:55,GS,078930,정기주주총회결과,GS,2020-03-27
193,13:54,아모레퍼시픽,090430,임원ㆍ주요주주특정증권등소유상황보고서,아모레퍼시픽그룹,2020-03-27
192,13:54,롯데쇼핑,023530,임원ㆍ주요주주특정증권등소유상황보고서,최영준,2020-03-27
191,13:54,한국제지,002300,대표이사(대표집행임원) 변경(안내공시),한국제지,2020-03-27
190,13:53,KC그린홀딩스,009440,주식등의대량보유상황보고서(일반),이태영,2020-03-27
189,13:52,한국자산신탁,123890,임원ㆍ주요주주특정증권등소유상황보고서,백진혁,2020-03-27
188,13:50,대현,016090,사외이사의선임ㆍ해임또는중도퇴임에관한신고,대현,2020-03-27
187,13:49,삼성공조,006660,정기주주총회결과,삼성공조,2020-03-27
186,13:49,한국제지,002300,정기주주총회결과,한국제지,2020-03-27
185,13:49,한국자산신탁,123890,임원ㆍ주요주주특정증권등소유상황보고서,신찬혁,2020-03-27
184,13:49,포스코,005490,정기주주총회결과,포스코,2020-03-27
183,13:48,제일연마,001560,정기주주총회결과,제일연마공업,2020-03-27
182,13:48,대현,016090,사외이사의선임ㆍ해임또는중도퇴임에관한신고,대현,2020-03-27
181,13:47,한국자산신탁,123890,임원ㆍ주요주주특정증권등소유상황보고서,신상갑,2020-03-27
180,13:46,KC그린홀딩스,009440,임원ㆍ주요주주특정증권등소유상황보고서,김종열,2020-03-27
179,13:46,한국제지,002300,사외이사의선임ㆍ해임또는중도퇴임에관한신고,한국제지,2020-03-27
178,13:45,포스코,005490,사외이사의선임ㆍ해임또는중도퇴임에관한신고,포스코,2020-03-27
177,13:45,대현,016090,정기주주총회결과,대현,2020-03-27
176,13:45,롯데쇼핑,023530,임원ㆍ주요주주특정증권등소유상황보고서,김정현,2020-03-27
175,13:44,삼성출판사,068290,사외이사의선임ㆍ해임또는중도퇴임에관한신고,삼성출판사,2020-03-27
174,13:43,이아이디,093230,정기주주총회결과,이아이디,2020-03-27
173,13:43,한국자산신탁,123890,임원ㆍ주요주주특정증권등소유상황보고서,김규철,2020-03-27
172,13:41,한국자산신탁,123890,임원ㆍ주요주주특정증권등소유상황보고서,문주현,2020-03-27
171,13:41,현대차증권,001500,투자설명서[일괄신고-사채],현대차증권,2020-03-27
170,13:41,유니퀘스트,077500,자기주식취득 신탁계약 해지 결정,유니퀘스트,2020-03-27
169,13:40,인스코비,006490,대표이사(대표집행임원) 변경(안내공시),인스코비,2020-03-27
168,13:40,이아이디,093230,대표이사(대표집행임원) 변경(안내공시),이아이디,2020-03-27
167,13:40,삼성출판사,068290,정기주주총회결과,삼성출판사,2020-03-27
166,13:39,KC그린홀딩스,009440,최대주주등소유주식변동신고서,케이씨그린홀딩스,2020-03-27
165,13:39,인스코비,006490,정기주주총회결과,인스코비,2020-03-27
164,13:38,롯데쇼핑,023530,임원ㆍ주요주주특정증권등소유상황보고서,나연,2020-03-27
163,13:38,한전기술,052690,정기주주총회결과,한국전력기술,2020-03-27
162,13:38,삼성증권,016360,[연결포함]일괄신고추가서류(파생결합증권-주가연계증권),삼성증권,2020-03-27
161,13:38,KC그린홀딩스,009440,사외이사의선임ㆍ해임또는중도퇴임에관한신고,케이씨그린홀딩스,2020-03-27
160,13:37,KC그린홀딩스,009440,정기주주총회결과,케이씨그린홀딩스,2020-03-27
159,13:35,엔에스쇼핑,138250,사외이사의선임ㆍ해임또는중도퇴임에관한신고,엔에스쇼핑,2020-03-27
158,13:34,부산산업,011390,[연결포함]사업보고서(일반법인),부산산업,2020-03-27
157,13:33,GS,078930,주식등의대량보유상황보고서(일반),허창수,2020-03-27
156,13:32,엔에스쇼핑,138250,정기주주총회결과,엔에스쇼핑,2020-03-27
155,13:32,현대차증권,001500,[연결포함]일괄신고추가서류(파생결합사채-주가연계파생결합사채),현대차증권,2020-03-27
154,13:30,롯데쇼핑,023530,임원ㆍ주요주주특정증권등소유상황보고서,박주혁,2020-03-27
153,13:26,고려개발,004200,사업보고서(일반법인),고려개발,2020-03-27
152,13:26,부산산업,011390,사외이사의선임ㆍ해임또는중도퇴임에관한신고,부산산업,2020-03-27
151,13:24,신원,009270,정기주주총회결과,신원,2020-03-27
150,13:23,일진홀딩스,015860,정기주주총회결과,일진홀딩스,2020-03-27
149,13:23,부산산업,011390,정기주주총회결과,부산산업,2020-03-27
148,13:22,일진홀딩스,015860,사외이사의선임ㆍ해임또는중도퇴임에관한신고,일진홀딩스,2020-03-27
147,13:22,이화산업,000760,정기주주총회결과,이화산업,2020-03-27
146,13:22,휴스틸,005010,임원ㆍ주요주주특정증권등소유상황보고서,박상훈,2020-03-27
145,13:21,CJ CGV,079160,투자판단 관련 주요경영사항,씨제이씨지브이,2020-03-27
144,13:20,엔케이,085310,대표이사(대표집행임원) 변경(안내공시),엔케이,2020-03-27
143,13:19,엔케이,085310,[연결포함]사업보고서(일반법인),엔케이,2020-03-27
142,13:18,GS,078930,최대주주등소유주식변동신고서,GS,2020-03-27
141,13:17,이스타코,015020,정기주주총회결과,이스타코,2020-03-27
140,13:17,미원홀딩스,107590,최대주주등소유주식변동신고서,미원홀딩스,2020-03-27
139,13:16,휴스틸,005010,임원ㆍ주요주주특정증권등소유상황보고서,박훈,2020-03-27
138,13:15,웅진,016880,사외이사의선임ㆍ해임또는중도퇴임에관한신고,웅진,2020-03-27
137,13:14,롯데쇼핑,023530,임원ㆍ주요주주특정증권등소유상황보고서,이선대,2020-03-27
136,13:10,삼성생명,032830,임원ㆍ주요주주특정증권등소유상황보고서,고상희,2020-03-27
135,13:10,삼익THK,004380,임원ㆍ주요주주특정증권등소유상황보고서,전영배,2020-03-27
134,13:09,한국항공우주,047810,정기주주총회결과,한국항공우주산업,2020-03-27
133,13:08,웅진,016880,정기주주총회결과,웅진,2020-03-27
132,13:07,조광페인트,004910,[정정]정기주주총회결과,조광페인트,2020-03-27
131,13:07,한국석유공업,004090,정기주주총회결과,한국석유공업,2020-03-27
130,13:07,케이티,030200,임원ㆍ주요주주특정증권등소유상황보고서,최호창,2020-03-27
129,13:05,세방,004360,정기주주총회결과,세방,2020-03-27
128,13:04,삼성증권,016360,투자설명서[일괄신고-사채],삼성증권,2020-03-27
127,13:02,케이티,030200,임원ㆍ주요주주특정증권등소유상황보고서,유용규,2020-03-27
126,13:02,카프로,006380,사업보고서(일반법인),카프로,2020-03-27
125,13:00,롯데쇼핑,023530,임원ㆍ주요주주특정증권등소유상황보고서,정윤성,2020-03-27
124,12:59,삼성증권,016360,투자설명서[일괄신고-사채],삼성증권,2020-03-27
123,12:57,엔케이,085310,정기주주총회결과,엔케이,2020-03-27
122,12:57,대원강업,000430,사외이사의선임ㆍ해임또는중도퇴임에관한신고,대원강업,2020-03-27
121,12:57,대원강업,000430,정기주주총회결과,대원강업,2020-03-27
120,12:57,케이티,030200,임원ㆍ주요주주특정증권등소유상황보고서,지정용,2020-03-27
119,12:52,조광페인트,004910,정기주주총회결과[정],조광페인트,2020-03-27
118,12:51,삼성증권,016360,투자설명서[일괄신고-사채],삼성증권,2020-03-27
117,12:51,케이티,030200,임원ㆍ주요주주특정증권등소유상황보고서,이종식,2020-03-27
116,12:51,대원강업,000430,최대주주등소유주식변동신고서,대원강업,2020-03-27
115,12:48,CS홀딩스,000590,대표이사(대표집행임원) 변경(안내공시),CS 홀딩스,2020-03-27
114,12:47,조일알미늄,018470,임원ㆍ주요주주특정증권등소유상황보고서,조광,2020-03-27
113,12:46,유니퀘스트,077500,사외이사의선임ㆍ해임또는중도퇴임에관한신고,유니퀘스트,2020-03-27
112,12:45,조일알미늄,018470,임원ㆍ주요주주특정증권등소유상황보고서,이재섭,2020-03-27
111,12:40,롯데쇼핑,023530,임원ㆍ주요주주특정증권등소유상황보고서,이재옥,2020-03-27
110,12:38,에스제이엠,123700,정기주주총회결과,에스제이엠,2020-03-27
109,12:38,유니퀘스트,077500,정기주주총회결과,유니퀘스트,2020-03-27
108,12:34,서울식품공업,004410,사외이사의선임ㆍ해임또는중도퇴임에관한신고,서울식품공업,2020-03-27
107,12:32,서울식품공업,004410,사외이사의선임ㆍ해임또는중도퇴임에관한신고,서울식품공업,2020-03-27
106,12:32,동서,026960,[연결포함]사업보고서(일반법인),동서,2020-03-27
105,12:28,CS홀딩스,000590,사외이사의선임ㆍ해임또는중도퇴임에관한신고,CS 홀딩스,2020-03-27
104,12:27,CS홀딩스,000590,사외이사의선임ㆍ해임또는중도퇴임에관한신고,CS 홀딩스,2020-03-27
103,12:26,인디에프,014990,사외이사의선임ㆍ해임또는중도퇴임에관한신고,인디에프,2020-03-27
102,12:26,에스제이엠홀딩스,025530,정기주주총회결과,에스제이엠홀딩스,2020-03-27
101,12:22,인디에프,014990,사외이사의선임ㆍ해임또는중도퇴임에관한신고,인디에프,2020-03-27
100,12:20,CS홀딩스,000590,사외이사의선임ㆍ해임또는중도퇴임에관한신고,CS 홀딩스,2020-03-27
99,12:19,대양금속,009190,정기주주총회결과,대양금속,2020-03-27
98,12:18,롯데쇼핑,023530,임원ㆍ주요주주특정증권등소유상황보고서,김혜영,2020-03-27
97,12:18,인디에프,014990,최대주주등소유주식변동신고서,인디에프,2020-03-27
96,12:17,인디에프,014990,정기주주총회결과,인디에프,2020-03-27
95,12:17,CS홀딩스,000590,정기주주총회결과,CS 홀딩스,2020-03-27
94,12:16,에이엔피,015260,사외이사의선임ㆍ해임또는중도퇴임에관한신고,에이엔피,2020-03-27
93,12:16,동성제약,002210,정기주주총회결과,동성제약,2020-03-27
92,12:15,에이엔피,015260,정기주주총회결과,에이엔피,2020-03-27
91,12:14,서울식품공업,004410,정기주주총회결과,서울식품공업,2020-03-27
90,12:13,이월드,084680,[정정]투자판단 관련 주요경영사항,이월드,2020-03-27
89,12:13,조선선재,120030,대표이사(대표집행임원) 변경(안내공시),조선선재,2020-03-27
88,12:13,남선알미늄,008350,정기주주총회결과,남선알미늄,2020-03-27
87,12:12,대양금속,009190,사외이사의선임ㆍ해임또는중도퇴임에관한신고,대양금속,2020-03-27
86,12:11,동서,026960,최대주주등소유주식변동신고서,동서,2020-03-27
85,12:11,지역난방공사,071320,정기주주총회결과,한국지역난방공사,2020-03-27
84,12:11,조선선재,120030,사외이사의선임ㆍ해임또는중도퇴임에관한신고,조선선재,2020-03-27
83,12:11,이월드,084680,정기주주총회결과,이월드,2020-03-27
82,12:10,금호에이치티,214330,[정정]투자판단 관련 주요경영사항,금호에이치티,2020-03-27
81,12:10,조선선재,120030,사외이사의선임ㆍ해임또는중도퇴임에관한신고,조선선재,2020-03-27
80,12:10,동서,026960,임원ㆍ주요주주특정증권등소유상황보고서,김종희,2020-03-27
79,12:08,조선선재,120030,사외이사의선임ㆍ해임또는중도퇴임에관한신고,조선선재,2020-03-27
78,12:07,대창단조,015230,정기주주총회결과,대창단조,2020-03-27
77,12:06,조선선재,120030,정기주주총회결과,조선선재,2020-03-27
76,11:54,해성디에스,195870,대표이사(대표집행임원) 변경(안내공시),해성디에스,2020-03-27
75,11:49,금호에이치티,214330,최대주주등소유주식변동신고서(최대주주변경시),금호에이치티,2020-03-27
74,11:48,해성디에스,195870,최대주주등소유주식변동신고서,해성디에스,2020-03-27
73,11:46,금호에이치티,214330,최대주주변경,금호에이치티,2020-03-27
72,11:45,미창석유공업,003650,정기주주총회결과,미창석유공업,2020-03-27
71,11:43,AK홀딩스,006840,정기주주총회결과,AK홀딩스,2020-03-27
70,11:42,삼성증권,016360,[연결포함]일괄신고추가서류(기타파생결합사채),삼성증권,2020-03-27
69,11:37,백광산업,001340,사외이사의선임ㆍ해임또는중도퇴임에관한신고,백광산업,2020-03-27
68,11:37,해성디에스,195870,사외이사의선임ㆍ해임또는중도퇴임에관한신고,해성디에스,2020-03-27
67,11:36,토니모리,214420,사외이사의선임ㆍ해임또는중도퇴임에관한신고,토니모리,2020-03-27
66,11:34,토니모리,214420,사외이사의선임ㆍ해임또는중도퇴임에관한신고,토니모리,2020-03-27
65,11:34,백광산업,001340,정기주주총회결과,백광산업,2020-03-27
64,11:32,유한양행,000100,임원ㆍ주요주주특정증권등소유상황보고서,박동진,2020-03-27
63,11:31,토니모리,214420,사외이사의선임ㆍ해임또는중도퇴임에관한신고,토니모리,2020-03-27
62,11:30,해성디에스,195870,사외이사의선임ㆍ해임또는중도퇴임에관한신고,해성디에스,2020-03-27
61,11:29,진흥기업,002780,정기주주총회결과,진흥기업,2020-03-27
60,11:29,아이에이치큐,003560,정기주주총회결과,아이에이치큐,2020-03-27
59,11:29,해성디에스,195870,사외이사의선임ㆍ해임또는중도퇴임에관한신고,해성디에스,2020-03-27
58,11:29,롯데쇼핑,023530,임원ㆍ주요주주특정증권등소유상황보고서,이일용,2020-03-27
57,11:29,삼성증권,016360,[연결포함]일괄신고추가서류(파생결합사채-주가연계파생결합사채),삼성증권,2020-03-27
56,11:27,삼성증권,016360,[연결포함]일괄신고추가서류(기타파생결합증권),삼성증권,2020-03-27
55,11:26,대성홀딩스,016710,정기주주총회결과,대성홀딩스,2020-03-27
54,11:26,해성디에스,195870,정기주주총회결과,해성디에스,2020-03-27
53,11:26,화승엔터프라이즈,241590,정기주주총회결과,화승엔터프라이즈,2020-03-27
52,11:26,메리츠종금증권,008560,투자설명서[일괄신고-사채],메리츠종합금융증권,2020-03-27
51,11:26,토니모리,214420,정기주주총회결과,토니모리,2020-03-27
50,11:21,이건산업,008250,정기주주총회결과,이건산업,2020-03-27
49,11:21,롯데쇼핑,023530,임원ㆍ주요주주특정증권등소유상황보고서,정원호,2020-03-27
48,11:19,메리츠종금증권,008560,[연결포함]일괄신고추가서류(파생결합사채-주가연계파생결합사채),메리츠종합금융증권,2020-03-27
47,11:19,대창,012800,자기주식취득 신탁계약 체결 결정,대창,2020-03-27
46,11:19,대성홀딩스,016710,사외이사의선임ㆍ해임또는중도퇴임에관한신고,대성홀딩스,2020-03-27
45,11:18,텔코웨어,078000,정기주주총회결과,텔코웨어,2020-03-27
44,11:16,키위미디어그룹,012170,임원ㆍ주요주주특정증권등소유상황보고서,케이엠인터네셔날,2020-03-27
43,11:07,대성에너지,117580,정기주주총회결과,대성에너지,2020-03-27
42,11:06,키위미디어그룹,012170,주식등의대량보유상황보고서(일반),케이엠인터네셔날,2020-03-27
41,11:04,AK홀딩스,006840,주식매수선택권부여에관한신고,AK홀딩스,2020-03-27
40,10:59,두올,016740,정기주주총회결과(제37기 정기주주총회 ),두올,2020-03-27
39,10:56,삼성엔지니어링,028050,임원ㆍ주요주주특정증권등소유상황보고서,박보수,2020-03-27
38,10:54,키위미디어그룹,012170,임원ㆍ주요주주특정증권등소유상황보고서,이제트가이드,2020-03-27
37,10:53,동성화학,005190,[정정]자기주식취득 신탁계약 체결 결정,동성화학,2020-03-27
36,10:48,키위미디어그룹,012170,주식등의대량보유상황보고서(일반),이제트가이드,2020-03-27
35,10:37,선도전기,007610,정기주주총회결과,선도전기,2020-03-27
34,10:35,현대홈쇼핑,057050,주식등의대량보유상황보고서(약식),Yacktman Asset Management LP,2020-03-27
33,10:32,대림씨엔에스,004440,사외이사의선임ㆍ해임또는중도퇴임에관한신고,대림씨엔에스,2020-03-27
32,10:31,대림비앤코,005750,사외이사의선임ㆍ해임또는중도퇴임에관한신고,대림비앤코,2020-03-27
31,10:30,대한제분,001130,최대주주등소유주식변동신고서,대한제분,2020-03-27
30,10:28,하이스틸,071090,[연결포함]사업보고서(일반법인),하이스틸,2020-03-27
29,10:27,대림비앤코,005750,정기주주총회결과,대림비앤코,2020-03-27
28,10:24,환인제약,016580,[연결포함]사업보고서(일반법인),환인제약,2020-03-27
27,10:09,전방,000950,정기주주총회결과,전방,2020-03-27
26,10:05,인지컨트롤스,023800,정기주주총회결과,인지컨트롤스,2020-03-27
25,9:59,대한제강,084010,[연결포함]사업보고서(일반법인),대한제강,2020-03-27
24,9:57,전방,000950,사외이사의선임ㆍ해임또는중도퇴임에관한신고,전방,2020-03-27
23,9:45,키위미디어그룹,012170,임원ㆍ주요주주특정증권등소유상황보고서,퍼시픽산업,2020-03-27
22,9:42,키위미디어그룹,012170,주식등의대량보유상황보고서(일반),퍼시픽산업,2020-03-27
21,9:40,SK텔레콤,017670,동일인등출자계열회사와의상품ㆍ용역거래,SK텔레콤,2020-03-27
20,9:37,한화솔루션,009830,임원ㆍ주요주주특정증권등소유상황보고서,이병천,2020-03-27
19,9:32,경동나비엔,009450,[연결포함]사업보고서(일반법인),경동나비엔,2020-03-27
18,9:26,한화솔루션,009830,임원ㆍ주요주주특정증권등소유상황보고서,임원배,2020-03-27
17,9:22,한익스프레스,014130,최대주주등소유주식변동신고서,한익스프레스,2020-03-27
16,8:49,LG이노텍,011070,임원ㆍ주요주주특정증권등소유상황보고서,문혁수,2020-03-27
15,8:33,쎌마테라퓨틱스,015540,타법인 주식 및 출자증권 양수결정,쎌마테라퓨틱스,2020-03-27
14,8:33,쎌마테라퓨틱스,015540,타법인 주식 및 출자증권 양수결정,쎌마테라퓨틱스,2020-03-27
13,8:32,KC그린홀딩스,009440,[정정]주주총회소집결의,케이씨그린홀딩스,2020-03-27
12,7:47,현대모비스,012330,[정정]타법인주식및출자증권취득결정(자율공시),현대모비스,2020-03-27
11,7:44,동성화학,005190,자기주식 취득 결정,동성화학,2020-03-27
10,7:41,대우조선해양,042660,[정정]단일판매ㆍ공급계약체결,대우조선해양,2020-03-27
9,7:41,기아자동차,000270,[정정]타법인주식및출자증권취득결정(자율공시),기아자동차,2020-03-27
8,7:40,현대자동차,005380,[정정]타법인주식및출자증권취득결정(자율공시),현대자동차,2020-03-27
7,7:30,한진칼,180640,임원ㆍ주요주주특정증권등소유상황보고서,유한회사 그레이스홀딩스,2020-03-26
6,7:30,동성화학,005190,[정정]자기주식취득 신탁계약 체결 결정[정],동성화학,2020-03-26
5,7:30,한진,002320,임원ㆍ주요주주특정증권등소유상황보고서,유한회사 엔케이앤코홀딩스,2020-03-26
4,7:30,한진,002320,주식등의대량보유상황보고서(일반),유한회사 엔케이앤코홀딩스,2020-03-26
3,7:30,NICE,034310,주식등의대량보유상황보고서(약식),아프로파이낸셜대부,2020-03-26
2,7:30,코오롱플라스틱,138490,임원ㆍ주요주주특정증권등소유상황보고서,방민수,2020-03-26
1,7:30,서연,007860,[정정]참고서류,서연,2020-03-26
